Confirmed cases(confCase),confirmation rate(confCaseRate),Date and time of registration(createDt),fatality rate(criticalRate),dead(death),deathRate(deathRate),"Categorization,gender,age(gubun)","post-number Unique value by gender, age, and Confirmed cases(seq)",Modified Date and Time Minute(updateDt)
551,2.38,9/22/2020 14:09,0,0,0,'0-9,3522,null
1274,5.51,9/22/2020 14:09,0,0,0,'10-19,3521,null
4684,20.27,9/22/2020 14:09,0,0,0,'20-29,3520,null
2822,12.21,9/22/2020 14:09,0.07,2,0.52,'30-39,3519,null
3083,13.34,9/22/2020 14:09,0.13,4,1.03,'40-49,3518,null
4280,18.52,9/22/2020 14:09,0.4,17,4.38,'50-59,3517,null
3644,15.77,9/22/2020 14:09,1.18,1.18,11.08,'60-69,3516,null
1833,7.93,9/22/2020 14:09,6.71,123,31.7,'70-79,3515,null
935,4.05,9/22/2020 14:09,21.28,199,51.29,over 80,3514,null
550,2.39,9/21/2020 14:38,0,0,0,'0-9,3500,null
1272,5.52,9/21/2020 14:38,0,0,0,'10-19,3499,null
4678,20.3,9/21/2020 14:38,0,0,0,'20-29,3498,null
2812,12.2,9/21/2020 14:38,0.07,2,0.52,'30-39,3497,null
3073,13.33,9/21/2020 14:38,0.13,4,1.04,'40-49,3496,null
4264,18.5,9/21/2020 14:38,0.4,17,4.42,'50-59,3495,null
3634,15.77,9/21/2020 14:38,1.16,42,10.91,'60-69,3494,null
1828,7.93,9/21/2020 14:38,6.62,121,31.43,'70-79,3493,null
934,4.05,9/21/2020 14:38,21.31,199,51.69,over 80,3492,null
548,2.39,9/20/2020 14:17,0,0,0,'0-9,3478,null
1264,5.52,9/20/2020 14:17,0,0,0,'10-19,3477,null
4653,20.32,9/20/2020 14:17,0,0,0,'20-29,3476,null
2792,12.2,9/20/2020 14:17,0.07,2,0.53,'30-39,3475,null
3053,13.34,9/20/2020 14:17,0.13,4,1.06,'40-49,3474,null
4239,18.52,9/20/2020 14:17,0.4,17,4.5,'50-59,3473,null
3608,15.76,9/20/2020 14:17,1.16,42,11.11,'60-69,3472,null
1807,7.89,9/20/2020 14:17,6.53,118,31.22,'70-79,3471,null
929,4.06,9/20/2020 14:17,20.99,195,51.59,over 80,3470,null
548,2.39,9/19/2020 14:20,0,0,0,'0-9,3456,null
1264,5.52,9/19/2020 14:20,0,0,0,'10-19,3455,null
4653,20.32,9/19/2020 14:20,0,0,0,'20-29,3454,null
2792,12.2,9/19/2020 14:20,0.07,2,0.53,'30-39,3453,null
3053,13.34,9/19/2020 14:20,0.13,4,1.06,'40-49,3452,null
4239,18.52,9/19/2020 14:20,0.4,17,4.5,'50-59,3451,null
3608,15.76,9/19/2020 14:20,1.16,42,11.11,'60-69,3450,null
1807,7.89,9/19/2020 14:20,6.53,118,31.22,'70-79,3449,null
929,4.06,9/19/2020 14:20,20.99,195,51.59,over 80,3448,null
547,2.4,9/18/2020 14:16,0,0,0,'0-9,3434,null
1259,5.53,9/18/2020 14:16,0,0,0,'10-19,3433,null
4647,20.4,9/18/2020 14:16,0,0,0,'20-29,3432,null
2785,12.22,9/18/2020 14:16,0.07,2,0.53,'30-39,3431,null
3044,13.36,9/18/2020 14:16,0.13,4,1.06,'40-49,3430,null
4204,18.45,9/18/2020 14:16,0.4,17,4.51,'50-59,3429,null
3582,15.72,9/18/2020 14:16,1.17,42,11.14,'60-69,3428,null
1792,7.87,9/18/2020 14:16,6.58,118,31.3,'70-79,3427,null
923,4.05,9/18/2020 14:16,21.02,194,51.46,over 80,3426,null
544,2.4,9/17/2020 15:15,0,0,0,'0-9,3412,null
1255,5.54,9/17/2020 15:15,0,0,0,'10-19,3411,null
4631,20.44,9/17/2020 15:15,0,0,0,'20-29,3410,null
2768,12.22,9/17/2020 15:15,0.07,2,0.54,'30-39,3409,null
3023,13.34,9/17/2020 15:15,0.13,4,1.08,'40-49,3408,null
4180,18.45,9/17/2020 15:15,0.41,17,4.57,'50-59,3407,null
3558,15.7,9/17/2020 15:15,1.18,42,11.29,'60-69,3406,null
1780,7.86,9/17/2020 15:15,6.4,114,30.65,'70-79,3405,null
918,4.05,9/17/2020 15:15,21.02,193,51.88,over 80,3404,null
539,2.4,9/16/2020 14:45,0,0,0,'0-9,3390,null
1247,5.54,9/16/2020 14:45,0,0,0,'10-19,3389,null
4606,20.47,9/16/2020 14:45,0,0,0,'20-29,3388,null
2757,12.25,9/16/2020 14:45,0.07,2,0.54,'30-39,3387,null
3003,13.34,9/16/2020 14:45,0.13,4,1.09,'40-49,3386,null
4144,18.41,9/16/2020 14:45,0.41,17,4.63,'50-59,3385,null
3531,15.69,9/16/2020 14:45,1.19,42,11.44,'60-69,3384,null
1763,7.83,9/16/2020 14:45,6.47,114,31.06,'70-79,3383,null
914,4.06,9/16/2020 14:45,20.57,188,51.23,over 80,3382,null
538,2.4,9/15/2020 14:27,0,0,0,'0-9,3379,null
1244,5.56,9/15/2020 14:27,0,0,0,'10-19,3378,null
4592,20.51,9/15/2020 14:27,0,0,0,'20-29,3377,null
2748,12.27,9/15/2020 14:27,0.07,2,0.54,'30-39,3376,null
2986,13.34,9/15/2020 14:27,0.13,4,1.09,'40-49,3375,null
4122,18.41,9/15/2020 14:27,0.41,17,4.63,'50-59,3374,null
3506,15.66,9/15/2020 14:27,1.2,42,11.44,'60-69,3373,null
1745,7.79,9/15/2020 14:27,6.53,114,31.06,'70-79,3372,null
910,4.06,9/15/2020 14:27,20.66,188,51.23,over 80,3371,null
532,2.39,9/14/2020 14:10,0,0,0,'0-9,3346,null
1236,5.55,9/14/2020 14:10,0,0,0,'10-19,3345,null
4584,20.57,9/14/2020 14:10,0,0,0,'20-29,3344,null
2738,12.29,9/14/2020 14:10,0.07,2,0.55,'30-39,3343,null
2968,13.32,9/14/2020 14:10,0.13,4,1.1,'40-49,3342,null
4104,18.42,9/14/2020 14:10,0.41,17,4.68,'50-59,3341,null
3481,15.62,9/14/2020 14:10,1.21,42,11.57,'60-69,3340,null
1734,7.78,9/14/2020 14:10,6.52,113,31.13,'70-79,3339,null
908,4.07,9/14/2020 14:10,20.37,185,50.96,over 80,3338,null
526,2.38,9/13/2020 15:11,0,0,0,'0-9,3324,null
1230,5.58,9/13/2020 15:11,0,0,0,'10-19,3323,null
4543,20.6,9/13/2020 15:11,0,0,0,'20-29,3322,null
2713,12.3,9/13/2020 15:11,0.07,2,0.56,'30-39,3321,null
2946,13.36,9/13/2020 15:11,0.14,4,1.13,'40-49,3320,null
4061,18.41,9/13/2020 15:11,0.42,17,4.79,'50-59,3319,null
3425,15.53,9/13/2020 15:11,1.23,42,11.83,'60-69,3318,null
1710,7.75,9/13/2020 15:11,6.37,109,30.7,'70-79,3317,null
901,4.09,9/13/2020 15:11,20.09,181,50.99,over 80,3316,null
526,2.38,9/12/2020 14:10,0,0,0,'0-9,3302,null
1230,5.58,9/12/2020 14:10,0,0,0,'10-19,3301,null
4543,20.6,9/12/2020 14:10,0,0,0,'20-29,3300,null
2713,12.3,9/12/2020 14:10,0.07,2,0.56,'30-39,3299,null
2946,13.36,9/12/2020 14:10,0.14,4,1.13,'40-49,3298,null
4061,18.41,9/12/2020 14:10,0.42,17,4.79,'50-59,3297,null
3425,15.53,9/12/2020 14:10,1.23,42,11.83,'60-69,3296,null
1710,7.75,9/12/2020 14:10,6.37,109,30.7,'70-79,3295,null
901,4.09,9/12/2020 14:10,20.09,181,50.99,over 80,3294,null
522,2.38,9/11/2020 14:46,0,0,0,'0-9,3280,null
1225,5.59,9/11/2020 14:46,0,0,0,'10-19,3279,null
4527,20.65,9/11/2020 14:46,0,0,0,'20-29,3278,null
2701,12.32,9/11/2020 14:46,0.07,2,0.57,'30-39,3277,null
2928,13.36,9/11/2020 14:46,0.14,4,1.14,'40-49,3276,null
4027,18.37,9/11/2020 14:46,0.4,16,4.57,'50-59,3275,null
3396,15.49,9/11/2020 14:46,1.24,42,12,'60-69,3274,null
1696,7.74,9/11/2020 14:46,6.37,108,30.86,'70-79,3273,null
897,4.09,9/11/2020 14:46,19.84,178,50.86,over 80,3272,null
519,2.39,9/10/2020 14:14,0,0,0,'0-9,3258,null
1222,5.62,9/10/2020 14:14,0,0,0,'10-19,3257,null
4505,20.72,9/10/2020 14:14,0,0,0,'20-29,3256,null
2682,12.34,9/10/2020 14:14,0.07,2,0.58,'30-39,3255,null
2906,13.37,9/10/2020 14:14,0.14,4,1.16,'40-49,3254,null
3993,18.36,9/10/2020 14:14,0.4,16,4.62,'50-59,3253,null
3356,15.43,9/10/2020 14:14,1.25,42,12.14,'60-69,3252,null
1680,7.73,9/10/2020 14:14,6.31,106,30.64,'70-79,3251,null
880,4.05,9/10/2020 14:14,20,176,50.87,over 80,3250,null
507,2.35,9/9/2020 14:14,0,0,0,'0-9,3236,null
1218,5.64,9/9/2020 14:14,0,0,0,'10-19,3235,null
4492,20.81,9/9/2020 14:14,0,0,0,'20-29,3234,null
2669,12.36,9/9/2020 14:14,0.07,2,0.58,'30-39,3233,null
2889,13.38,9/9/2020 14:14,0.14,4,1.16,'40-49,3232,null
3964,18.36,9/9/2020 14:14,0.4,16,4.65,'50-59,3231,null
3312,15.34,9/9/2020 14:14,1.27,42,12.21,'60-69,3230,null
1668,7.73,9/9/2020 14:14,6.29,105,30.52,'70-79,3229,null
869,4.03,9/9/2020 14:14,20.14,175,50.87,over 80,3228,null
501,2.34,9/8/2020 14:29,0,0,0,'0-9,3214,null
1210,5.65,9/8/2020 14:29,0,0,0,'10-19,3213,null
4485,20.93,9/8/2020 14:29,0,0,0,'20-29,3212,null
2653,12.38,9/8/2020 14:29,0.08,2,0.59,'30-39,3211,null
2874,13.41,9/8/2020 14:29,0.14,4,1.17,'40-49,3210,null
3936,18.37,9/8/2020 14:29,0.41,16,4.69,'50-59,3209,null
3264,15.23,9/8/2020 14:29,1.29,42,12.32,'60-69,3208,null
1646,7.68,9/8/2020 14:29,6.32,104,30.5,'70-79,3207,null
863,4.03,9/8/2020 14:29,20.05,173,50.73,over 80,3206,null
496,2.33,9/7/2020 14:15,0,0,0,'0-9,3192,null
1202,5.64,9/7/2020 14:15,0,0,0,'10-19,3191,null
4473,21,9/7/2020 14:15,0,0,0,'20-29,3190,null
2636,12.38,9/7/2020 14:15,0.08,2,0.6,'30-39,3189,null
2857,13.42,9/7/2020 14:15,0.14,4,1.19,'40-49,3188,null
3902,18.32,9/7/2020 14:15,0.41,16,4.76,'50-59,3187,null
3238,15.2,9/7/2020 14:15,1.3,42,12.5,'60-69,3186,null
1632,7.66,9/7/2020 14:15,6.25,102,30.36,'70-79,3185,null
860,4.04,9/7/2020 14:15,19.77,170,50.6,over 80,3184,null
493,2.33,9/6/2020 15:49,0,0,0,'0-9,3170,null
1197,5.65,9/6/2020 15:49,0,0,0,'10-19,3169,null
4460,21.06,9/6/2020 15:49,0,0,0,'20-29,3168,null
2619,12.37,9/6/2020 15:49,0.08,2,0.6,'30-39,3167,null
2841,13.42,9/6/2020 15:49,0.14,4,1.2,'40-49,3166,null
3880,18.32,9/6/2020 15:49,0.41,16,4.79,'50-59,3165,null
3217,15.19,9/6/2020 15:49,1.31,42,12.57,'60-69,3164,null
1612,7.61,9/6/2020 15:49,6.27,101,30.24,'70-79,3163,null
858,4.05,9/6/2020 15:49,19.7,169,50.6,over 80,3162,null
485,2.31,9/5/2020 15:01,0,0,0,'0-9,3159,null
1194,5.68,9/5/2020 15:01,0,0,0,'10-19,3158,null
4441,21.14,9/5/2020 15:01,0,0,0,'20-29,3157,null
2604,12.39,9/5/2020 15:01,0.08,2,0.6,'30-39,3156,null
2816,13.4,9/5/2020 15:01,0.14,4,1.2,'40-49,3155,null
3845,18.3,9/5/2020 15:01,0.42,16,4.8,'50-59,3154,null
3178,15.13,9/5/2020 15:01,1.32,42,12.61,'60-69,3153,null
1596,7.6,9/5/2020 15:01,6.27,100,30.03,'70-79,3152,null
851,4.05,9/5/2020 15:01,19.86,169,50.75,over 80,3151,null
482,2.31,9/4/2020 14:25,0,0,0,'0-9,3126,null
1188,5.7,9/4/2020 14:25,0,0,0,'10-19,3125,null
4427,21.24,9/4/2020 14:25,0,0,0,'20-29,3124,null
2585,12.4,9/4/2020 14:25,0.08,2,0.6,'30-39,3123,null
2797,13.42,9/4/2020 14:25,0.14,4,1.21,'40-49,3122,null
3807,18.27,9/4/2020 14:25,0.42,16,4.83,'50-59,3121,null
3136,15.05,9/4/2020 14:25,1.34,42,12.69,'60-69,3120,null
1578,7.57,9/4/2020 14:25,6.34,100,30.21,'70-79,3119,null
842,4.04,9/4/2020 14:25,19.83,167,50.45,over 80,3118,null
473,2.29,9/3/2020 14:13,0,0,0,'0-9,3104,null
1181,5.72,9/3/2020 14:13,0,0,0,'10-19,3103,null
4410,21.36,9/3/2020 14:13,0,0,0,'20-29,3102,null
2561,12.41,9/3/2020 14:13,0.08,2,0.61,'30-39,3101,null
2770,13.42,9/3/2020 14:13,0.14,4,1.22,'40-49,3100,null
3768,18.25,9/3/2020 14:13,0.42,16,4.86,'50-59,3099,null
3098,15.01,9/3/2020 14:13,1.36,42,12.77,'60-69,3098,null
1556,7.54,9/3/2020 14:13,6.36,99,30.09,'70-79,3097,null
827,4.01,9/3/2020 14:13,20.07,166,50.46,over 80,3096,null
466,2.28,9/2/2020 14:13,0,0,0,'0-9,3082,null
1174,5.74,9/2/2020 14:13,0,0,0,'10-19,3081,null
4388,21.46,9/2/2020 14:13,0,0,0,'20-29,3080,null
2540,12.42,9/2/2020 14:13,0.08,2,0.61,'30-39,3079,null
2741,13.4,9/2/2020 14:13,0.15,4,1.23,'40-49,3078,null
3732,18.25,9/2/2020 14:13,0.43,16,4.91,'50-59,3077,null
3064,14.98,9/2/2020 14:13,1.37,42,12.88,'60-69,3076,null
1534,7.5,9/2/2020 14:13,6.39,98,30.06,'70-79,3075,null
810,3.96,9/2/2020 14:13,20.25,164,50.31,over 80,3074,null
456,2.26,9/1/2020 14:35,0,0,0,'0-9,3060,null
1162,5.76,9/1/2020 14:35,0,0,0,'10-19,3059,null
4345,21.53,9/1/2020 14:35,0,0,0,'20-29,3058,null
2515,12.46,9/1/2020 14:35,0.08,2,0.62,'30-39,3057,null
2717,13.46,9/1/2020 14:35,0.15,4,1.23,'40-49,3056,null
3684,18.25,9/1/2020 14:35,0.43,16,4.94,'50-59,3055,null
3013,14.93,9/1/2020 14:35,1.39,42,12.96,'60-69,3054,null
1494,7.4,9/1/2020 14:35,6.49,97,29.94,'70-79,3053,null
796,3.94,9/1/2020 14:35,20.48,163,50.31,over 80,3052,null
442,2.22,8/31/2020 14:14,0,0,0,'0-9,3049,null
1145,5.74,8/31/2020 14:14,0,0,0,'10-19,3048,null
4320,21.66,8/31/2020 14:14,0,0,0,'20-29,3047,null
2491,12.49,8/31/2020 14:14,0.08,2,0.62,'30-39,3046,null
2692,13.5,8/31/2020 14:14,0.15,4,1.23,'40-49,3045,null
3639,18.24,8/31/2020 14:14,0.44,16,4.94,'50-59,3044,null
2968,14.88,8/31/2020 14:14,1.42,42,12.96,'60-69,3043,null
1464,7.34,8/31/2020 14:14,6.63,97,29.94,'70-79,3042,null
786,3.94,8/31/2020 14:14,20.74,163,50.31,over 80,3041,null
432,2.19,8/30/2020 14:19,0,0,0,'0-9,3016,null
1134,5.76,8/30/2020 14:19,0,0,0,'10-19,3015,null
4277,21.71,8/30/2020 14:19,0,0,0,'20-29,3014,null
2476,12.57,8/30/2020 14:19,0.08,2,0.62,'30-39,3013,null
2664,13.52,8/30/2020 14:19,0.15,4,1.24,'40-49,3012,null
3590,18.22,8/30/2020 14:19,0.45,16,4.95,'50-59,3011,null
2913,14.79,8/30/2020 14:19,1.44,42,13,'60-69,3010,null
1438,7.3,8/30/2020 14:19,6.68,96,29.72,'70-79,3009,null
775,3.93,8/30/2020 14:19,21.03,163,50.46,over 80,3008,null
422,2.18,8/29/2020 9:57,0,0,0,'0-9,2972,null
1122,5.78,8/29/2020 9:57,0,0,0,'10-19,2971,null
4233,21.82,8/29/2020 9:57,0,0,0,'20-29,2970,null
2437,12.56,8/29/2020 9:57,0.08,2,0.62,'30-39,2969,null
2627,13.54,8/29/2020 9:57,0.15,4,1.25,'40-49,2968,null
3535,18.22,8/29/2020 9:57,0.45,16,4.98,'50-59,2967,null
2840,14.64,8/29/2020 9:57,1.48,42,13.08,'60-69,2966,null
1417,7.3,8/29/2020 9:57,6.7,95,29.6,'70-79,2965,null
767,3.95,8/29/2020 9:57,21.12,162,50.47,over 80,2964,null
406,2.13,8/28/2020 14:27,0,0,0,'0-9,2961,null
1104,5.79,8/28/2020 14:27,0,0,0,'10-19,2960,null
4202,22.03,8/28/2020 14:27,0,0,0,'20-29,2959,null
2401,12.59,8/28/2020 14:27,0.08,2,0.63,'30-39,2958,null
2580,13.52,8/28/2020 14:27,0.16,4,1.27,'40-49,2957,null
3481,18.25,8/28/2020 14:27,0.46,16,5.06,'50-59,2956,null
2773,14.54,8/28/2020 14:27,1.48,41,12.97,'60-69,2955,null
1381,7.24,8/28/2020 14:27,6.81,94,29.75,'70-79,2954,null
749,3.93,8/28/2020 14:27,21.23,159,50.32,over 80,2953,null
390,2.08,8/27/2020 10:17,0,0,0,'0-9,2928,null
1087,5.81,8/27/2020 10:17,0,0,0,'10-19,2927,null
4170,22.29,8/27/2020 10:17,0,0,0,'20-29,2926,null
2353,12.58,8/27/2020 10:17,0.08,2,0.64,'30-39,2925,null
2527,13.51,8/27/2020 10:17,0.16,4,1.28,'40-49,2924,null
3408,18.22,8/27/2020 10:17,0.47,16,5.11,'50-59,2923,null
2709,14.48,8/27/2020 10:17,1.51,41,13.1,'60-69,2922,null
1333,7.13,8/27/2020 10:17,7.05,94,30.03,'70-79,2921,null
729,3.9,8/27/2020 10:17,21.4,156,49.84,over 80,2920,null
381,2.09,8/26/2020 10:21,0,0,0,'0-9,2906,null
1060,5.8,8/26/2020 10:21,0,0,0,'10-19,2905,null
4118,22.55,8/26/2020 10:21,0,0,0,'20-29,2904,null
2303,12.61,8/26/2020 10:21,0.09,2,0.64,'30-39,2903,null
2457,13.45,8/26/2020 10:21,0.16,4,1.28,'40-49,2902,null
3300,18.07,8/26/2020 10:21,0.48,16,5.13,'50-59,2901,null
2644,14.48,8/26/2020 10:21,1.55,41,13.14,'60-69,2900,null
1292,7.07,8/26/2020 10:21,7.2,93,29.81,'70-79,2899,null
710,3.89,8/26/2020 10:21,21.97,156,50,over 80,2898,null
368,2.05,8/25/2020 10:24,0,0,0,'0-9,2884,null
1047,5.83,8/25/2020 10:24,0,0,0,'10-19,2883,null
4081,22.74,8/25/2020 10:24,0,0,0,'20-29,2882,null
2256,12.57,8/25/2020 10:24,0.09,2,0.65,'30-39,2881,null
2415,13.46,8/25/2020 10:24,0.17,4,1.29,'40-49,2880,null
3240,18.06,8/25/2020 10:24,0.49,16,5.16,'50-59,2879,null
2587,14.42,8/25/2020 10:24,1.58,41,13.23,'60-69,2878,null
1258,7.01,8/25/2020 10:24,7.39,93,30,'70-79,2877,null
693,3.86,8/25/2020 10:24,22.22,154,49.68,over 80,2876,null
353,2,8/24/2020 10:21,0,0,0,'0-9,2862,null
1028,5.82,8/24/2020 10:21,0,0,0,'10-19,2861,null
4040,22.87,8/24/2020 10:21,0,0,0,'20-29,2860,null
2226,12.6,8/24/2020 10:21,0.09,2,0.65,'30-39,2859,null
2382,13.48,8/24/2020 10:21,0.17,4,1.29,'40-49,2858,null
3187,18.04,8/24/2020 10:21,0.5,16,5.18,'50-59,2857,null
2537,14.36,8/24/2020 10:21,1.62,41,13.27,'60-69,2856,null
1228,6.95,8/24/2020 10:21,7.57,93,30.1,'70-79,2855,null
684,3.87,8/24/2020 10:21,22.37,153,49.51,over 80,2854,null
344,1.98,8/23/2020 10:24,0,0,0,'0-9,2840,null
1015,5.83,8/23/2020 10:24,0,0,0,'10-19,2839,null
4010,23.05,8/23/2020 10:24,0,0,0,'20-29,2838,null
2191,12.59,8/23/2020 10:24,0.09,2,0.65,'30-39,2837,null
2343,13.47,8/23/2020 10:24,0.17,4,1.29,'40-49,2836,null
3139,18.04,8/23/2020 10:24,0.51,16,5.18,'50-59,2835,null
2485,14.28,8/23/2020 10:24,1.65,41,13.27,'60-69,2834,null
1204,6.92,8/23/2020 10:24,7.72,93,30.1,'70-79,2833,null
668,3.84,8/23/2020 10:24,22.9,153,49.51,over 80,2832,null
328,1.93,8/22/2020 10:16,0,0,0,'0-9,2818,null
980,5.76,8/22/2020 10:16,0,0,0,'10-19,2817,null
3976,23.39,8/22/2020 10:16,0,0,0,'20-29,2816,null
2151,12.65,8/22/2020 10:16,0.09,2,0.65,'30-39,2815,null
2281,13.42,8/22/2020 10:16,0.18,4,1.29,'40-49,2814,null
3057,17.98,8/22/2020 10:16,0.52,16,5.18,'50-59,2813,null
2398,14.1,8/22/2020 10:16,1.71,41,13.27,'60-69,2812,null
1177,6.92,8/22/2020 10:16,7.9,93,30.1,'70-79,2811,null
654,3.85,8/22/2020 10:16,23.39,153,49.51,over 80,2810,null
317,1.9,8/21/2020 10:32,0,0,0,'0-9,2796,null
961,5.76,8/21/2020 10:32,0,0,0,'10-19,2795,null
3921,23.52,8/21/2020 10:32,0,0,0,'20-29,2794,null
2111,12.66,8/21/2020 10:32,0.09,2,0.65,'30-39,2793,null
2233,13.4,8/21/2020 10:32,0.18,4,1.29,'40-49,2792,null
2991,17.94,8/21/2020 10:32,0.53,16,5.18,'50-59,2791,null
2342,14.05,8/21/2020 10:32,1.75,41,13.27,'60-69,2790,null
1143,6.86,8/21/2020 10:32,8.14,93,30.1,'70-79,2789,null
651,3.91,8/21/2020 10:32,23.5,153,49.51,over 80,2788,null
311,1.9,8/20/2020 10:25,0,0,0,'0-9,2774,null
942,5.76,8/20/2020 10:25,0,0,0,'10-19,2773,null
3879,23.73,8/20/2020 10:25,0,0,0,'20-29,2772,null
2071,12.67,8/20/2020 10:25,0.1,2,0.65,'30-39,2771,null
2191,13.4,8/20/2020 10:25,0.18,4,1.3,'40-49,2770,null
2930,17.92,8/20/2020 10:25,0.55,16,5.21,'50-59,2769,null
2268,13.87,8/20/2020 10:25,1.81,41,13.36,'60-69,2768,null
1109,6.78,8/20/2020 10:25,8.21,91,29.64,'70-79,2767,null
645,3.95,8/20/2020 10:25,23.72,153,49.84,over 80,2766,null
299,1.86,8/19/2020 10:13,0,0,0,'0-9,2752,null
907,5.65,8/19/2020 10:13,0,0,0,'10-19,2751,null
3849,23.97,8/19/2020 10:13,0,0,0,'20-29,2750,null
2036,12.68,8/19/2020 10:13,0.1,2,0.65,'30-39,2749,null
2159,13.45,8/19/2020 10:13,0.19,4,1.31,'40-49,2748,null
2875,17.9,8/19/2020 10:13,0.56,16,5.23,'50-59,2747,null
2220,13.82,8/19/2020 10:13,1.85,41,13.4,'60-69,2746,null
1079,6.72,8/19/2020 10:13,8.43,91,29.74,'70-79,2745,null
634,3.95,8/19/2020 10:13,23.97,152,49.67,over 80,2744,null
285,1.81,8/18/2020 10:15,0,0,0,'0-9,2730,null
890,5.65,8/18/2020 10:15,0,0,0,'10-19,2729,null
3820,24.24,8/18/2020 10:15,0,0,0,'20-29,2728,null
2004,12.71,8/18/2020 10:15,0.1,2,0.65,'30-39,2727,null
2120,13.45,8/18/2020 10:15,0.19,4,1.31,'40-49,2726,null
2817,17.87,8/18/2020 10:15,0.57,16,5.23,'50-59,2725,null
2148,13.63,8/18/2020 10:15,1.91,41,13.4,'60-69,2724,null
1050,6.66,8/18/2020 10:15,8.67,91,29.74,'70-79,2723,null
627,3.98,8/18/2020 10:15,24.24,152,49.67,over 80,2722,null
280,1.8,8/17/2020 10:27,0,0,0,'0-9,2708,null
872,5.62,8/17/2020 10:27,0,0,0,'10-19,2707,null
3803,24.51,8/17/2020 10:27,0,0,0,'20-29,2706,null
1977,12.74,8/17/2020 10:27,0.1,2,0.66,'30-39,2705,null
2093,13.49,8/17/2020 10:27,0.19,4,1.31,'40-49,2704,null
2756,17.76,8/17/2020 10:27,0.58,16,5.25,'50-59,2703,null
2081,13.41,8/17/2020 10:27,1.97,41,13.44,'60-69,2702,null
1028,6.63,8/17/2020 10:27,8.75,90,29.51,'70-79,2701,null
625,4.03,8/17/2020 10:27,24.32,152,49.84,over 80,2700,null
275,1.8,8/16/2020 10:38,0,0,0,'0-9,2686,null
859,5.61,8/16/2020 10:38,0,0,0,'10-19,2685,null
3781,24.68,8/16/2020 10:38,0,0,0,'20-29,2684,null
1950,12.73,8/16/2020 10:38,0.1,2,0.66,'30-39,2683,null
2070,13.51,8/16/2020 10:38,0.19,4,1.31,'40-49,2682,null
2718,17.74,8/16/2020 10:38,0.59,16,5.25,'50-59,2681,null
2033,13.27,8/16/2020 10:38,2.02,41,13.44,'60-69,2680,null
1014,6.62,8/16/2020 10:38,8.88,90,29.51,'70-79,2679,null
618,4.03,8/16/2020 10:38,24.6,152,49.84,over 80,2678,null
272,1.81,8/15/2020 9:05,0,0,0,'0-9,2664,null
836,5.56,8/15/2020 9:05,0,0,0,'10-19,2663,null
3742,24.88,8/15/2020 9:05,0,0,0,'20-29,2662,null
1922,12.78,8/15/2020 9:05,0.1,2,0.66,'30-39,2661,null
2035,13.53,8/15/2020 9:05,0.2,4,1.31,'40-49,2660,null
2660,17.69,8/15/2020 9:05,0.6,16,5.25,'50-59,2659,null
1977,13.15,8/15/2020 9:05,2.07,41,13.44,'60-69,2658,null
983,6.54,8/15/2020 9:05,9.16,90,29.51,'70-79,2657,null
612,4.07,8/15/2020 9:05,24.84,152,49.84,over 80,2656,null
268,1.8,8/14/2020 10:26,0,0,0,'0-9,2642,null
826,5.55,8/14/2020 10:26,0,0,0,'10-19,2641,null
3710,24.94,8/14/2020 10:26,0,0,0,'20-29,2640,null
1902,12.79,8/14/2020 10:26,0.11,2,0.66,'30-39,2639,null
2011,13.52,8/14/2020 10:26,0.2,4,1.31,'40-49,2638,null
2627,17.66,8/14/2020 10:26,0.61,16,5.25,'50-59,2637,null
1948,13.1,8/14/2020 10:26,2.1,41,13.44,'60-69,2636,null
972,6.54,8/14/2020 10:26,9.26,90,29.51,'70-79,2635,null
609,4.09,8/14/2020 10:26,24.96,152,49.84,over 80,2634,null
264,1.79,8/13/2020 10:30,0,0,0,'0-9,2620,null
816,5.52,8/13/2020 10:30,0,0,0,'10-19,2619,null
3696,25.02,8/13/2020 10:30,0,0,0,'20-29,2618,null
1885,12.76,8/13/2020 10:30,0.11,2,0.66,'30-39,2617,null
1995,13.51,8/13/2020 10:30,0.2,4,1.31,'40-49,2616,null
2608,17.66,8/13/2020 10:30,0.61,16,5.25,'50-59,2615,null
1933,13.09,8/13/2020 10:30,2.12,41,13.44,'60-69,2614,null
966,6.54,8/13/2020 10:30,9.32,90,29.51,'70-79,2613,null
607,4.11,8/13/2020 10:30,25.04,152,49.84,over 80,2612,null
262,1.78,8/12/2020 10:42,0,0,0,'0-9,2598,null
810,5.5,8/12/2020 10:42,0,0,0,'10-19,2597,null
3685,25.04,8/12/2020 10:42,0,0,0,'20-29,2596,null
1873,12.73,8/12/2020 10:42,0.11,2,0.66,'30-39,2595,null
1990,13.52,8/12/2020 10:42,0.2,4,1.31,'40-49,2594,null
2598,17.66,8/12/2020 10:42,0.62,16,5.25,'50-59,2593,null
1927,13.1,8/12/2020 10:42,2.13,41,13.44,'60-69,2592,null
964,6.55,8/12/2020 10:42,9.34,90,29.51,'70-79,2591,null
605,4.11,8/12/2020 10:42,25.12,152,49.84,over 80,2590,null
261,1.78,8/11/2020 10:33,0,0,0,'0-9,2576,null
803,5.48,8/11/2020 10:33,0,0,0,'10-19,2575,null
3681,25.11,8/11/2020 10:33,0,0,0,'20-29,2574,null
1862,12.7,8/11/2020 10:33,0.11,2,0.66,'30-39,2573,null
1978,13.49,8/11/2020 10:33,0.2,4,1.31,'40-49,2572,null
2586,17.64,8/11/2020 10:33,0.62,16,5.25,'50-59,2571,null
1925,13.13,8/11/2020 10:33,2.13,41,13.44,'60-69,2570,null
961,6.56,8/11/2020 10:33,9.37,90,29.51,'70-79,2569,null
603,4.11,8/11/2020 10:33,25.21,152,49.84,over 80,2568,null
261,1.78,8/10/2020 10:38,0,0,0,'0-9,2554,null
803,5.49,8/10/2020 10:38,0,0,0,'10-19,2553,null
3675,25.13,8/10/2020 10:38,0,0,0,'20-29,2552,null
1857,12.7,8/10/2020 10:38,0.11,2,0.66,'30-39,2551,null
1974,13.5,8/10/2020 10:38,0.2,4,1.31,'40-49,2550,null
2577,17.62,8/10/2020 10:38,0.62,16,5.25,'50-59,2549,null
1918,13.11,8/10/2020 10:38,2.14,41,13.44,'60-69,2548,null
958,6.55,8/10/2020 10:38,9.39,90,29.51,'70-79,2547,null
603,4.12,8/10/2020 10:38,25.21,152,49.84,over 80,2546,null
261,1.79,8/9/2020 10:46,0,0,0,'0-9,2532,null
803,5.5,8/9/2020 10:46,0,0,0,'10-19,2531,null
3671,25.15,8/9/2020 10:46,0,0,0,'20-29,2530,null
1854,12.7,8/9/2020 10:46,0.11,2,0.66,'30-39,2529,null
1971,13.5,8/9/2020 10:46,0.2,4,1.31,'40-49,2528,null
2573,17.63,8/9/2020 10:46,0.62,16,5.25,'50-59,2527,null
1905,13.05,8/9/2020 10:46,2.15,41,13.44,'60-69,2526,null
957,6.56,8/9/2020 10:46,9.4,90,29.51,'70-79,2525,null
603,4.13,8/9/2020 10:46,25.21,152,49.84,over 80,2524,null
257,1.76,8/8/2020 10:19,0,0,0,'0-9,2510,null
802,5.51,8/8/2020 10:19,0,0,0,'10-19,2509,null
3664,25.16,8/8/2020 10:19,0,0,0,'20-29,2508,null
1849,12.7,8/8/2020 10:19,0.11,2,0.66,'30-39,2507,null
1968,13.51,8/8/2020 10:19,0.15,3,0.99,'40-49,2506,null
2566,17.62,8/8/2020 10:19,0.62,16,5.26,'50-59,2505,null
1898,13.03,8/8/2020 10:19,2.16,41,13.49,'60-69,2504,null
957,6.57,8/8/2020 10:19,9.4,90,29.61,'70-79,2503,null
601,4.13,8/8/2020 10:19,25.29,152,50,over 80,2502,null
256,1.76,8/7/2020 10:13,0,0,0,'0-9,2488,null
801,5.52,8/7/2020 10:13,0,0,0,'10-19,2487,null
3657,25.19,8/7/2020 10:13,0,0,0,'20-29,2486,null
1845,12.71,8/7/2020 10:13,0.11,2,0.66,'30-39,2485,null
1964,13.53,8/7/2020 10:13,0.15,3,0.99,'40-49,2484,null
2556,17.6,8/7/2020 10:13,0.63,16,5.28,'50-59,2483,null
1885,12.98,8/7/2020 10:13,2.18,41,13.53,'60-69,2482,null
954,6.57,8/7/2020 10:13,9.43,90,29.7,'70-79,2481,null
601,4.14,8/7/2020 10:13,25.12,151,49.83,over 80,2480,null
256,1.77,8/6/2020 10:24,0,0,0,'0-9,2466,null
797,5.5,8/6/2020 10:24,0,0,0,'10-19,2465,null
3654,25.2,8/6/2020 10:24,0,0,0,'20-29,2464,null
1844,12.72,8/6/2020 10:24,0.11,2,0.66,'30-39,2463,null
1959,13.51,8/6/2020 10:24,0.15,3,0.99,'40-49,2462,null
2554,17.62,8/6/2020 10:24,0.63,16,5.3,'50-59,2461,null
1880,12.97,8/6/2020 10:24,2.18,41,13.58,'60-69,2460,null
954,6.58,8/6/2020 10:24,9.43,90,29.8,'70-79,2459,null
601,4.15,8/6/2020 10:24,24.96,150,49.67,over 80,2458,null
256,1.77,8/5/2020 10:23,0,0,0,'0-9,2444,null
793,5.49,8/5/2020 10:23,0,0,0,'10-19,2443,null
3641,25.19,8/5/2020 10:23,0,0,0,'20-29,2442,null
1841,12.74,8/5/2020 10:23,0.11,2,0.66,'30-39,2441,null
1956,13.53,8/5/2020 10:23,0.15,3,0.99,'40-49,2440,null
2546,17.61,8/5/2020 10:23,0.63,16,5.3,'50-59,2439,null
1871,12.94,8/5/2020 10:23,2.19,41,13.58,'60-69,2438,null
951,6.58,8/5/2020 10:23,9.46,90,29.8,'70-79,2437,null
601,4.16,8/5/2020 10:23,24.96,150,49.67,over 80,2436,null
255,1.77,8/4/2020 10:56,0,0,0,'0-9,2422,null
790,5.48,8/4/2020 10:56,0,0,0,'10-19,2421,null
3635,25.2,8/4/2020 10:56,0,0,0,'20-29,2420,null
1834,12.72,8/4/2020 10:56,0.11,2,0.66,'30-39,2419,null
1952,13.53,8/4/2020 10:56,0.15,3,1,'40-49,2418,null
2540,17.61,8/4/2020 10:56,0.63,16,5.32,'50-59,2417,null
1866,12.94,8/4/2020 10:56,2.2,41,13.62,'60-69,2416,null
950,6.59,8/4/2020 10:56,9.47,90,29.9,'70-79,2415,null
601,4.17,8/4/2020 10:56,24.79,149,49.5,over 80,2414,null
251,1.74,8/3/2020 11:01,0,0,0,'0-9,2400,null
785,5.46,8/3/2020 11:01,0,0,0,'10-19,2399,null
3629,25.22,8/3/2020 11:01,0,0,0,'20-29,2398,null
1829,12.71,8/3/2020 11:01,0.11,2,0.66,'30-39,2397,null
1946,13.52,8/3/2020 11:01,0.15,3,1,'40-49,2396,null
2536,17.62,8/3/2020 11:01,0.63,16,5.32,'50-59,2395,null
1864,12.95,8/3/2020 11:01,2.2,41,13.62,'60-69,2394,null
950,6.6,8/3/2020 11:01,9.47,90,29.9,'70-79,2393,null
599,4.16,8/3/2020 11:01,24.87,149,49.5,over 80,2392,null
249,1.73,8/2/2020 12:20,0,0,0,'0-9,2378,null
782,5.44,8/2/2020 12:20,0,0,0,'10-19,2377,null
3625,25.23,8/2/2020 12:20,0,0,0,'20-29,2376,null
1826,12.71,8/2/2020 12:20,0.05,1,0.5,'30-39,2375,null
1944,13.53,8/2/2020 12:20,0.15,3,1.5,'40-49,2374,null
2532,17.62,8/2/2020 12:20,0.51,13,6.5,'50-59,2373,null
1860,12.95,8/2/2020 12:20,1.45,27,13.5,'60-69,2372,null
949,6.61,8/2/2020 12:20,6.32,60,30,'70-79,2371,null
599,4.17,8/2/2020 12:20,16.03,96,48,over 80,2370,null
247,1.72,8/1/2020 10:22,0,0,0,'0-9,2356,null
782,5.45,8/1/2020 10:22,0,0,0,'10-19,2355,null
3620,25.25,8/1/2020 10:22,0,0,0,'20-29,2354,null
1819,12.69,8/1/2020 10:22,0.11,2,0.66,'30-39,2353,null
1936,13.5,8/1/2020 10:22,0.15,3,1,'40-49,2352,null
2528,17.63,8/1/2020 10:22,0.63,16,5.32,'50-59,2351,null
1858,12.96,8/1/2020 10:22,2.21,41,13.62,'60-69,2350,null
948,6.61,8/1/2020 10:22,9.49,90,29.9,'70-79,2349,null
598,4.17,8/1/2020 10:22,24.92,149,49.5,over 80,2348,null
246,1.72,7/31/2020 10:37,0,0,0,'0-9,2334,null
782,5.47,7/31/2020 10:37,0,0,0,'10-19,2333,null
3620,25.31,7/31/2020 10:37,0,0,0,'20-29,2332,null
1809,12.65,7/31/2020 10:37,0.11,2,0.66,'30-39,2331,null
1930,13.49,7/31/2020 10:37,0.16,3,1,'40-49,2330,null
2520,17.62,7/31/2020 10:37,0.63,16,5.32,'50-59,2329,null
1853,12.95,7/31/2020 10:37,2.21,41,13.62,'60-69,2328,null
947,6.62,7/31/2020 10:37,9.5,90,29.9,'70-79,2327,null
598,4.18,7/31/2020 10:37,24.92,149,49.5,over 80,2326,null
245,1.72,7/30/2020 11:13,0,0,0,'0-9,2312,null
782,5.48,7/30/2020 11:13,0,0,0,'10-19,2311,null
3615,25.33,7/30/2020 11:13,0,0,0,'20-29,2310,null
1796,12.59,7/30/2020 11:13,0.11,2,0.67,'30-39,2309,null
1922,13.47,7/30/2020 11:13,0.16,3,1,'40-49,2308,null
2516,17.63,7/30/2020 11:13,0.64,16,5.33,'50-59,2307,null
1850,12.97,7/30/2020 11:13,2.22,41,13.67,'60-69,2306,null
946,6.63,7/30/2020 11:13,9.51,90,30,'70-79,2305,null
597,4.18,7/30/2020 11:13,24.79,148,49.33,over 80,2304,null
245,1.72,7/29/2020 10:47,0,0,0,'0-9,2290,null
782,5.49,7/29/2020 10:47,0,0,0,'10-19,2289,null
3613,25.35,7/29/2020 10:47,0,0,0,'20-29,2288,null
1790,12.56,7/29/2020 10:47,0.11,2,0.67,'30-39,2287,null
1918,13.46,7/29/2020 10:47,0.16,3,1,'40-49,2286,null
2516,17.65,7/29/2020 10:47,0.64,16,5.33,'50-59,2285,null
1844,12.94,7/29/2020 10:47,2.22,41,13.67,'60-69,2284,null
946,6.64,7/29/2020 10:47,9.51,90,30,'70-79,2283,null
597,4.19,7/29/2020 10:47,24.79,148,49.33,over 80,2282,null
245,1.72,7/28/2020 10:32,0,0,0,'0-9,2268,null
781,5.5,7/28/2020 10:32,0,0,0,'10-19,2267,null
3607,25.4,7/28/2020 10:32,0,0,0,'20-29,2266,null
1774,12.49,7/28/2020 10:32,0.11,2,0.67,'30-39,2265,null
1907,13.43,7/28/2020 10:32,0.16,3,1,'40-49,2264,null
2511,17.68,7/28/2020 10:32,0.64,16,5.33,'50-59,2263,null
1840,12.96,7/28/2020 10:32,2.23,41,13.67,'60-69,2262,null
941,6.63,7/28/2020 10:32,9.56,90,30,'70-79,2261,null
597,4.2,7/28/2020 10:32,24.79,148,49.33,over 80,2260,null
243,1.71,7/27/2020 10:50,0,0,0,'0-9,2257,null
779,5.5,7/27/2020 10:50,0,0,0,'10-19,2256,null
3603,25.42,7/27/2020 10:50,0,0,0,'20-29,2255,null
1770,12.49,7/27/2020 10:50,0.11,2,0.67,'30-39,2254,null
1900,13.4,7/27/2020 10:50,0.16,3,1,'40-49,2253,null
2506,17.68,7/27/2020 10:50,0.64,16,5.35,'50-59,2252,null
1837,12.96,7/27/2020 10:50,2.23,41,13.71,'60-69,2251,null
940,6.63,7/27/2020 10:50,9.47,89,29.77,'70-79,2250,null
597,4.21,7/27/2020 10:50,24.79,148,49.5,over 80,2249,null
242,1.71,7/26/2020 10:29,0,0,0,'0-9,2235,null
778,5.5,7/26/2020 10:29,0,0,0,'10-19,2234,null
3598,25.43,7/26/2020 10:29,0,0,0,'20-29,2233,null
1763,12.46,7/26/2020 10:29,0.11,2,0.67,'30-39,2232,null
1897,13.41,7/26/2020 10:29,0.16,3,1.01,'40-49,2231,null
2505,17.7,7/26/2020 10:29,0.64,16,5.37,'50-59,2230,null
1835,12.97,7/26/2020 10:29,2.23,41,13.76,'60-69,2229,null
936,6.61,7/26/2020 10:29,9.4,88,29.53,'70-79,2228,null
596,4.21,7/26/2020 10:29,24.83,148,49.66,over 80,2227,null
242,1.72,7/25/2020 10:24,0,0,0,'0-9,2213,null
778,5.52,7/25/2020 10:24,0,0,0,'10-19,2212,null
3594,25.5,7/25/2020 10:24,0,0,0,'20-29,2211,null
1750,12.42,7/25/2020 10:24,0.11,2,0.67,'30-39,2210,null
1882,13.36,7/25/2020 10:24,0.16,3,1.01,'40-49,2209,null
2487,17.65,7/25/2020 10:24,0.64,16,5.37,'50-59,2208,null
1830,12.99,7/25/2020 10:24,2.24,41,13.76,'60-69,2207,null
935,6.63,7/25/2020 10:24,9.41,88,29.53,'70-79,2206,null
594,4.22,7/25/2020 10:24,24.92,148,49.66,over 80,2205,null
241,1.72,7/24/2020 11:06,0,0,0,'0-9,2191,null
777,5.56,7/24/2020 11:06,0,0,0,'10-19,2190,null
3581,25.62,7/24/2020 11:06,0,0,0,'20-29,2189,null
1712,12.25,7/24/2020 11:06,0.12,2,0.67,'30-39,2188,null
1848,13.22,7/24/2020 11:06,0.16,3,1.01,'40-49,2187,null
2473,17.69,7/24/2020 11:06,0.65,16,5.37,'50-59,2186,null
1822,13.03,7/24/2020 11:06,2.25,41,13.76,'60-69,2185,null
933,6.67,7/24/2020 11:06,9.43,88,29.53,'70-79,2184,null
592,4.23,7/24/2020 11:06,25,148,49.66,over 80,2183,null
240,1.72,7/23/2020 10:40,0,0,0,'0-9,2169,null
776,5.57,7/23/2020 10:40,0,0,0,'10-19,2168,null
3578,25.67,7/23/2020 10:40,0,0,0,'20-29,2167,null
1707,12.25,7/23/2020 10:40,0.12,2,0.67,'30-39,2166,null
1842,13.22,7/23/2020 10:40,0.16,3,1.01,'40-49,2165,null
2465,17.69,7/23/2020 10:40,0.65,16,5.39,'50-59,2164,null
1811,12.99,7/23/2020 10:40,2.26,41,13.8,'60-69,2163,null
929,6.67,7/23/2020 10:40,9.36,87,29.29,'70-79,2162,null
590,4.23,7/23/2020 10:40,25.08,148,49.83,over 80,2161,null
240,1.73,7/22/2020 10:28,0,0,0,'0-9,2147,null
772,5.56,7/22/2020 10:28,0,0,0,'10-19,2146,null
3559,25.64,7/22/2020 10:28,0,0,0,'20-29,2145,null
1704,12.28,7/22/2020 10:28,0.12,2,0.67,'30-39,2144,null
1834,13.21,7/22/2020 10:28,0.16,3,1.01,'40-49,2143,null
2453,17.67,7/22/2020 10:28,0.65,16,5.39,'50-59,2142,null
1802,12.98,7/22/2020 10:28,2.28,41,13.8,'60-69,2141,null
925,6.66,7/22/2020 10:28,9.41,87,29.29,'70-79,2140,null
590,4.25,7/22/2020 10:28,25.08,148,49.83,over 80,2139,null
240,1.74,7/21/2020 10:55,0,0,0,'0-9,2125,null
765,5.54,7/21/2020 10:55,0,0,0,'10-19,2124,null
3551,25.7,7/21/2020 10:55,0,0,0,'20-29,2123,null
1696,12.28,7/21/2020 10:55,0.12,2,0.68,'30-39,2122,null
1824,13.2,7/21/2020 10:55,0.16,3,1.01,'40-49,2121,null
2444,17.69,7/21/2020 10:55,0.65,16,5.41,'50-59,2120,null
1791,12.96,7/21/2020 10:55,2.29,41,13.85,'60-69,2119,null
919,6.65,7/21/2020 10:55,9.47,87,29.39,'70-79,2118,null
586,4.24,7/21/2020 10:55,25.09,147,49.66,over 80,2117,null
239,1.74,7/20/2020 10:57,0,0,0,'0-9,2103,null
764,5.55,7/20/2020 10:57,0,0,0,'10-19,2102,null
3539,25.7,7/20/2020 10:57,0,0,0,'20-29,2101,null
1688,12.26,7/20/2020 10:57,0.12,2,0.68,'30-39,2100,null
1821,13.22,7/20/2020 10:57,0.16,3,1.01,'40-49,2099,null
2439,17.71,7/20/2020 10:57,0.66,16,5.41,'50-59,2098,null
1788,12.98,7/20/2020 10:57,2.29,41,13.85,'60-69,2097,null
911,6.62,7/20/2020 10:57,9.55,87,29.39,'70-79,2096,null
582,4.23,7/20/2020 10:57,25.26,147,49.66,over 80,2095,null
237,1.72,7/19/2020 10:21,0,0,0,'0-9,2081,null
762,5.54,7/19/2020 10:21,0,0,0,'10-19,2080,null
3531,25.69,7/19/2020 10:21,0,0,0,'20-29,2079,null
1684,12.25,7/19/2020 10:21,0.12,2,0.68,'30-39,2078,null
1817,13.22,7/19/2020 10:21,0.17,3,1.02,'40-49,2077,null
2435,17.72,7/19/2020 10:21,0.66,16,5.42,'50-59,2076,null
1787,13,7/19/2020 10:21,2.29,41,13.9,'60-69,2075,null
911,6.63,7/19/2020 10:21,9.44,86,29.15,'70-79,2074,null
581,4.23,7/19/2020 10:21,25.3,147,49.83,over 80,2073,null
234,1.71,7/18/2020 10:26,0,0,0,'0-9,2059,null
760,5.54,7/18/2020 10:26,0,0,0,'10-19,2058,null
3527,25.72,7/18/2020 10:26,0,0,0,'20-29,2057,null
1674,12.21,7/18/2020 10:26,0.12,2,0.68,'30-39,2056,null
1814,13.23,7/18/2020 10:26,0.17,3,1.02,'40-49,2055,null
2432,17.74,7/18/2020 10:26,0.66,16,5.44,'50-59,2054,null
1781,12.99,7/18/2020 10:26,2.3,41,13.95,'60-69,2053,null
909,6.63,7/18/2020 10:26,9.46,86,29.25,'70-79,2052,null
580,4.23,7/18/2020 10:26,25.17,146,49.66,over 80,2051,null
231,1.69,7/17/2020 10:41,0,0,0,'0-9,2048,null
756,5.53,7/17/2020 10:41,0,0,0,'10-19,2047,null
3517,25.72,7/17/2020 10:41,0,0,0,'20-29,2046,null
1669,12.21,7/17/2020 10:41,0.12,2,0.68,'30-39,2045,null
1805,13.2,7/17/2020 10:41,0.17,3,1.02,'40-49,2044,null
2425,17.74,7/17/2020 10:41,0.62,15,5.12,'50-59,2043,null
1781,13.03,7/17/2020 10:41,2.3,41,13.99,'60-69,2042,null
908,6.64,7/17/2020 10:41,9.47,86,29.35,'70-79,2041,null
580,4.24,7/17/2020 10:41,25.17,146,49.83,over 80,2040,null
221,1.64,7/16/2020 10:47,0,0,0,'0-9,2037,null
752,5.57,7/16/2020 10:47,0,0,0,'10-19,2036,null
3491,25.84,7/16/2020 10:47,0,0,0,'20-29,2035,null
1632,12.08,7/16/2020 10:47,0.12,2,0.69,'30-39,2034,null
1773,13.12,7/16/2020 10:47,0.17,3,1.03,'40-49,2033,null
2402,17.78,7/16/2020 10:47,0.62,15,5.15,'50-59,2032,null
1762,13.04,7/16/2020 10:47,2.33,41,14.09,'60-69,2031,null
902,6.68,7/16/2020 10:47,9.53,86,29.55,'70-79,2030,null
577,4.27,7/16/2020 10:47,24.96,144,49.48,over 80,2029,null
222,1.64,7/15/2020 10:40,0,0,0,'0-9,2026,null
753,5.56,7/15/2020 10:40,0,0,0,'10-19,2025,null
3495,25.79,7/15/2020 10:40,0,0,0,'20-29,2024,null
1640,12.1,7/15/2020 10:40,0.12,2,0.69,'30-39,2023,null
1782,13.15,7/15/2020 10:40,0.17,3,1.04,'40-49,2022,null
2411,17.79,7/15/2020 10:40,0.62,15,5.19,'50-59,2021,null
1769,13.05,7/15/2020 10:40,2.32,41,14.19,'60-69,2020,null
902,6.66,7/15/2020 10:40,9.31,84,29.07,'70-79,2019,null
577,4.26,7/15/2020 10:40,24.96,144,49.83,over 80,2018,null
221,1.64,7/14/2020 10:44,0,0,0,'0-9,2004,null
752,5.57,7/14/2020 10:44,0,0,0,'10-19,2003,null
3491,25.84,7/14/2020 10:44,0,0,0,'20-29,2002,null
1632,12.08,7/14/2020 10:44,0.12,2,0.69,'30-39,2001,null
1773,13.12,7/14/2020 10:44,0.17,3,1.04,'40-49,2000,null
2402,17.78,7/14/2020 10:44,0.62,15,5.19,'50-59,1999,null
1762,13.04,7/14/2020 10:44,2.33,41,14.19,'60-69,1998,null
902,6.68,7/14/2020 10:44,9.31,84,29.07,'70-79,1997,null
577,4.27,7/14/2020 10:44,24.96,144,49.83,over 80,1996,null
219,1.62,7/13/2020 10:25,0,0,0,'0-9,1982,null
750,5.56,7/13/2020 10:25,0,0,0,'10-19,1981,null
3485,25.86,7/13/2020 10:25,0,0,0,'20-29,1980,null
1627,12.07,7/13/2020 10:25,0.12,2,0.69,'30-39,1979,null
1770,13.13,7/13/2020 10:25,0.17,3,1.04,'40-49,1978,null
2396,17.78,7/13/2020 10:25,0.63,15,5.19,'50-59,1977,null
1758,13.04,7/13/2020 10:25,2.33,41,14.19,'60-69,1976,null
898,6.66,7/13/2020 10:25,9.35,84,29.07,'70-79,1975,null
576,4.27,7/13/2020 10:25,25,144,49.83,over 80,1974,null
216,1.61,7/12/2020 10:30,0,0,0,'0-9,1960,null
746,5.56,7/12/2020 10:30,0,0,0,'10-19,1959,null
3467,25.84,7/12/2020 10:30,0,0,0,'20-29,1958,null
1612,12.01,7/12/2020 10:30,0.12,2,0.69,'30-39,1957,null
1761,13.13,7/12/2020 10:30,0.17,3,1.04,'40-49,1956,null
2392,17.83,7/12/2020 10:30,0.63,15,5.19,'50-59,1955,null
1753,13.07,7/12/2020 10:30,2.34,41,14.19,'60-69,1954,null
895,6.67,7/12/2020 10:30,9.39,84,29.07,'70-79,1953,null
575,4.29,7/12/2020 10:30,25.04,144,49.83,over 80,1952,null
214,1.6,7/11/2020 10:29,0,0,0,'0-9,1938,null
740,5.53,7/11/2020 10:29,0,0,0,'10-19,1937,null
3463,25.9,7/11/2020 10:29,0,0,0,'20-29,1936,null
1599,11.96,7/11/2020 10:29,0.13,2,0.69,'30-39,1935,null
1756,13.13,7/11/2020 10:29,0.17,3,1.04,'40-49,1934,null
2389,17.86,7/11/2020 10:29,0.63,15,5.21,'50-59,1933,null
1744,13.04,7/11/2020 10:29,2.35,41,14.24,'60-69,1932,null
894,6.69,7/11/2020 10:29,9.28,83,28.82,'70-79,1931,null
574,4.29,7/11/2020 10:29,25.09,144,50,over 80,1930,null
213,1.6,7/10/2020 10:18,0,0,0,'0-9,1916,null
740,5.55,7/10/2020 10:18,0,0,0,'10-19,1915,null
3455,25.9,7/10/2020 10:18,0,0,0,'20-29,1914,null
1593,11.94,7/10/2020 10:18,0.13,2,0.69,'30-39,1913,null
1754,13.15,7/10/2020 10:18,0.17,3,1.04,'40-49,1912,null
2381,17.85,7/10/2020 10:18,0.63,15,5.21,'50-59,1911,null
1742,13.06,7/10/2020 10:18,2.35,41,14.24,'60-69,1910,null
890,6.67,7/10/2020 10:18,9.33,83,28.82,'70-79,1909,null
570,4.27,7/10/2020 10:18,25.26,144,50,over 80,1908,null
210,1.58,7/9/2020 10:53,0,0,0,'0-9,1905,null
737,5.54,7/9/2020 10:53,0,0,0,'10-19,1904,null
3445,25.92,7/9/2020 10:53,0,0,0,'20-29,1903,null
1584,11.92,7/9/2020 10:53,0.13,2,0.7,'30-39,1902,null
1749,13.16,7/9/2020 10:53,0.17,3,1.05,'40-49,1901,null
2373,17.85,7/9/2020 10:53,0.63,15,5.23,'50-59,1900,null
1739,13.08,7/9/2020 10:53,2.36,41,14.29,'60-69,1899,null
887,6.67,7/9/2020 10:53,9.36,83,28.92,'70-79,1898,null
569,4.28,7/9/2020 10:53,25.13,143,49.83,over 80,1897,null
208,1.57,7/8/2020 10:20,0,0,0,'0-9,1883,null
733,5.53,7/8/2020 10:20,0,0,0,'10-19,1882,null
3434,25.93,7/8/2020 10:20,0,0,0,'20-29,1881,null
1577,11.91,7/8/2020 10:20,0.13,2,0.7,'30-39,1880,null
1738,13.12,7/8/2020 10:20,0.17,3,1.05,'40-49,1879,null
2364,17.85,7/8/2020 10:20,0.63,15,5.26,'50-59,1878,null
1736,13.11,7/8/2020 10:20,2.36,41,14.39,'60-69,1877,null
886,6.69,7/8/2020 10:20,9.37,83,29.12,'70-79,1876,null
568,4.29,7/8/2020 10:20,24.82,141,49.47,over 80,1875,null
207,1.57,7/7/2020 10:19,0,0,0,'0-9,1861,null
730,5.54,7/7/2020 10:19,0,0,0,'10-19,1860,null
3423,25.97,7/7/2020 10:19,0,0,0,'20-29,1859,null
1566,11.88,7/7/2020 10:19,0.13,2,0.7,'30-39,1858,null
1723,13.07,7/7/2020 10:19,0.17,3,1.05,'40-49,1857,null
2354,17.86,7/7/2020 10:19,0.64,15,5.26,'50-59,1856,null
1731,13.13,7/7/2020 10:19,2.37,41,14.39,'60-69,1855,null
880,6.68,7/7/2020 10:19,9.43,83,29.12,'70-79,1854,null
567,4.3,7/7/2020 10:19,24.87,141,49.47,over 80,1853,null
206,1.57,7/6/2020 10:50,0,0,0,'0-9,1839,null
728,5.54,7/6/2020 10:50,0,0,0,'10-19,1838,null
3411,25.96,7/6/2020 10:50,0,0,0,'20-29,1837,null
1560,11.87,7/6/2020 10:50,0.13,2,0.7,'30-39,1836,null
1716,13.06,7/6/2020 10:50,0.17,3,1.06,'40-49,1835,null
2347,17.87,7/6/2020 10:50,0.64,15,5.28,'50-59,1834,null
1724,13.12,7/6/2020 10:50,2.38,41,14.44,'60-69,1833,null
878,6.68,7/6/2020 10:50,9.45,83,29.23,'70-79,1832,null
567,4.32,7/6/2020 10:50,24.69,140,49.3,over 80,1831,null
202,1.54,7/5/2020 10:27,0,0,0,'0-9,1817,null
727,5.55,7/5/2020 10:27,0,0,0,'10-19,1816,null
3404,26,7/5/2020 10:27,0,0,0,'20-29,1815,null
1550,11.84,7/5/2020 10:27,0.13,2,0.71,'30-39,1814,null
1710,13.06,7/5/2020 10:27,0.18,3,1.06,'40-49,1813,null
2338,17.86,7/5/2020 10:27,0.64,15,5.3,'50-59,1812,null
1720,13.14,7/5/2020 10:27,2.38,41,14.49,'60-69,1811,null
876,6.69,7/5/2020 10:27,9.36,82,28.98,'70-79,1810,null
564,4.31,7/5/2020 10:27,24.82,140,49.47,over 80,1809,null
199,1.53,7/4/2020 10:15,0,0,0,'0-9,1795,null
724,5.56,7/4/2020 10:15,0,0,0,'10-19,1794,null
3396,26.06,7/4/2020 10:15,0,0,0,'20-29,1793,null
1541,11.83,7/4/2020 10:15,0.13,2,0.71,'30-39,1792,null
1699,13.04,7/4/2020 10:15,0.18,3,1.06,'40-49,1791,null
2331,17.89,7/4/2020 10:15,0.64,15,5.3,'50-59,1790,null
1706,13.09,7/4/2020 10:15,2.4,41,14.49,'60-69,1789,null
870,6.68,7/4/2020 10:15,9.43,82,28.98,'70-79,1788,null
564,4.33,7/4/2020 10:15,24.82,140,49.47,over 80,1787,null
196,1.51,7/3/2020 11:23,0,0,0,'0-9,1784,null
722,5.57,7/3/2020 11:23,0,0,0,'10-19,1783,null
3384,26.1,7/3/2020 11:23,0,0,0,'20-29,1782,null
1525,11.76,7/3/2020 11:23,0.13,2,0.71,'30-39,1781,null
1691,13.04,7/3/2020 11:23,0.18,3,1.06,'40-49,1780,null
2323,17.91,7/3/2020 11:23,0.65,15,5.32,'50-59,1779,null
1697,13.09,7/3/2020 11:23,2.42,41,14.54,'60-69,1778,null
868,6.69,7/3/2020 11:23,9.45,82,29.08,'70-79,1777,null
561,4.33,7/3/2020 11:23,24.78,139,49.29,over 80,1776,null
194,1.5,7/2/2020 14:20,0,0,0,'0-9,1762,null
712,5.52,7/2/2020 14:20,0,0,0,'10-19,1761,null
3374,26.15,7/2/2020 14:20,0,0,0,'20-29,1760,null
1515,11.74,7/2/2020 14:20,0.13,2,0.71,'30-39,1759,null
1685,13.06,7/2/2020 14:20,0.18,3,1.06,'40-49,1758,null
2316,17.95,7/2/2020 14:20,0.65,15,5.32,'50-59,1757,null
1686,13.07,7/2/2020 14:20,2.43,41,14.54,'60-69,1756,null
864,6.7,7/2/2020 14:20,9.49,82,29.08,'70-79,1755,null
558,4.32,7/2/2020 14:20,24.91,139,49.29,over 80,1754,null
193,1.51,7/1/2020 10:50,0,0,0,'0-9,1740,null
708,5.53,7/1/2020 10:50,0,0,0,'10-19,1739,null
3362,26.27,7/1/2020 10:50,0,0,0,'20-29,1738,null
1496,11.69,7/1/2020 10:50,0.13,2,0.71,'30-39,1737,null
1681,13.13,7/1/2020 10:50,0.18,3,1.06,'40-49,1736,null
2286,17.86,7/1/2020 10:50,0.66,15,5.32,'50-59,1735,null
1668,13.03,7/1/2020 10:50,2.46,41,14.54,'60-69,1734,null
850,6.64,7/1/2020 10:50,9.65,82,29.08,'70-79,1733,null
556,4.34,7/1/2020 10:50,25,139,49.29,over 80,1732,null
193,1.51,6/30/2020 13:57,0,0,0,'0-9,1729,null
708,5.53,6/30/2020 13:57,0,0,0,'10-19,1728,null
3362,26.27,6/30/2020 13:57,0,0,0,'20-29,1727,null
1496,11.69,6/30/2020 13:57,0.13,2,0.71,'30-39,1726,null
1681,13.13,6/30/2020 13:57,0.18,3,1.06,'40-49,1725,null
2286,17.86,6/30/2020 13:57,0.66,15,5.32,'50-59,1724,null
1668,13.03,6/30/2020 13:57,2.46,41,14.54,'60-69,1723,null
850,6.64,6/30/2020 13:57,9.65,82,29.08,'70-79,1722,null
556,4.34,6/30/2020 13:57,25,139,49.29,over 80,1721,null
190,1.49,6/29/2020 10:32,0,0,0,'0-9,1707,null
704,5.52,6/29/2020 10:32,0,0,0,'10-19,1706,null
3352,26.28,6/29/2020 10:32,0,0,0,'20-29,1705,null
1490,11.68,6/29/2020 10:32,0.13,2,0.71,'30-39,1704,null
1673,13.11,6/29/2020 10:32,0.18,3,1.06,'40-49,1703,null
2280,17.87,6/29/2020 10:32,0.66,15,5.32,'50-59,1702,null
1665,13.05,6/29/2020 10:32,2.46,41,14.54,'60-69,1701,null
847,6.64,6/29/2020 10:32,9.68,82,29.08,'70-79,1700,null
556,4.36,6/29/2020 10:32,25,139,49.29,over 80,1699,null
187,1.47,6/28/2020 10:30,0,0,0,'0-9,1696,null
703,5.53,6/28/2020 10:30,0,0,0,'10-19,1695,null
3343,26.29,6/28/2020 10:30,0,0,0,'20-29,1694,null
1485,11.68,6/28/2020 10:30,0.13,2,0.71,'30-39,1693,null
1667,13.11,6/28/2020 10:30,0.18,3,1.06,'40-49,1692,null
2275,17.89,6/28/2020 10:30,0.66,15,5.32,'50-59,1691,null
1653,13,6/28/2020 10:30,2.48,41,14.54,'60-69,1690,null
846,6.65,6/28/2020 10:30,9.69,82,29.08,'70-79,1689,null
556,4.37,6/28/2020 10:30,25,139,49.29,over 80,1688,null
185,1.46,6/27/2020 10:49,0,0,0,'0-9,1674,null
700,5.53,6/27/2020 10:49,0,0,0,'10-19,1673,null
3331,26.33,6/27/2020 10:49,0,0,0,'20-29,1672,null
1473,11.64,6/27/2020 10:49,0.14,2,0.71,'30-39,1671,null
1657,13.1,6/27/2020 10:49,0.18,3,1.06,'40-49,1670,null
2269,17.93,6/27/2020 10:49,0.66,15,5.32,'50-59,1669,null
1640,12.96,6/27/2020 10:49,2.5,41,14.54,'60-69,1668,null
843,6.66,6/27/2020 10:49,9.73,82,29.08,'70-79,1667,null
555,4.39,6/27/2020 10:49,25.05,139,49.29,over 80,1666,null
184,1.46,6/26/2020 10:14,0,0,0,'0-9,1652,null
698,5.54,6/26/2020 10:14,0,0,0,'10-19,1651,null
3317,26.32,6/26/2020 10:14,0,0,0,'20-29,1650,null
1463,11.61,6/26/2020 10:14,0.14,2,0.71,'30-39,1649,null
1651,13.1,6/26/2020 10:14,0.18,3,1.06,'40-49,1648,null
2264,17.97,6/26/2020 10:14,0.66,15,5.32,'50-59,1647,null
1633,12.96,6/26/2020 10:14,2.51,41,14.54,'60-69,1646,null
839,6.66,6/26/2020 10:14,9.77,82,29.08,'70-79,1645,null
553,4.39,6/26/2020 10:14,25.14,139,49.29,over 80,1644,null
183,1.46,6/25/2020 10:20,0,0,0,'0-9,1630,null
696,5.54,6/25/2020 10:20,0,0,0,'10-19,1629,null
3309,26.34,6/25/2020 10:20,0,0,0,'20-29,1628,null
1453,11.57,6/25/2020 10:20,0.14,2,0.71,'30-39,1627,null
1646,13.1,6/25/2020 10:20,0.18,3,1.06,'40-49,1626,null
2260,17.99,6/25/2020 10:20,0.66,15,5.32,'50-59,1625,null
1627,12.95,6/25/2020 10:20,2.52,41,14.54,'60-69,1624,null
838,6.67,6/25/2020 10:20,9.79,82,29.08,'70-79,1623,null
551,4.39,6/25/2020 10:20,25.23,139,49.29,over 80,1622,null
182,1.45,6/24/2020 10:33,0,0,0,'0-9,1608,null
693,5.53,6/24/2020 10:33,0,0,0,'10-19,1607,null
3309,26.4,6/24/2020 10:33,0,0,0,'20-29,1606,null
1444,11.52,6/24/2020 10:33,0.14,2,0.71,'30-39,1605,null
1644,13.12,6/24/2020 10:33,0.18,3,1.07,'40-49,1604,null
2254,17.98,6/24/2020 10:33,0.67,15,5.34,'50-59,1603,null
1622,12.94,6/24/2020 10:33,2.53,41,14.59,'60-69,1602,null
836,6.67,6/24/2020 10:33,9.69,81,28.83,'70-79,1601,null
551,4.4,6/24/2020 10:33,25.23,139,49.47,over 80,1600,null
180,1.44,6/23/2020 10:42,0,0,0,'0-9,1586,null
692,5.54,6/23/2020 10:42,0,0,0,'10-19,1585,null
3306,26.48,6/23/2020 10:42,0,0,0,'20-29,1584,null
1429,11.45,6/23/2020 10:42,0.14,2,0.71,'30-39,1583,null
1633,13.08,6/23/2020 10:42,0.18,3,1.07,'40-49,1582,null
2244,17.98,6/23/2020 10:42,0.67,15,5.34,'50-59,1581,null
1617,12.95,6/23/2020 10:42,2.54,41,14.59,'60-69,1580,null
834,6.68,6/23/2020 10:42,9.71,81,28.83,'70-79,1579,null
549,4.4,6/23/2020 10:42,25.32,139,49.47,over 80,1578,null
177,1.42,6/22/2020 11:40,0,0,0,'0-9,1564,null
692,5.56,6/22/2020 11:40,0,0,0,'10-19,1563,null
3302,26.55,6/22/2020 11:40,0,0,0,'20-29,1562,null
1420,11.42,6/22/2020 11:40,0.14,2,0.71,'30-39,1561,null
1624,13.06,6/22/2020 11:40,0.18,3,1.07,'40-49,1560,null
2235,17.97,6/22/2020 11:40,0.67,15,5.36,'50-59,1559,null
1610,12.94,6/22/2020 11:40,2.48,40,14.29,'60-69,1558,null
830,6.67,6/22/2020 11:40,9.76,81,28.93,'70-79,1557,null
548,4.41,6/22/2020 11:40,25.36,139,49.64,over 80,1556,null
177,1.43,6/21/2020 10:12,0,0,0,'0-9,1542,null
691,5.56,6/21/2020 10:12,0,0,0,'10-19,1541,null
3299,26.56,6/21/2020 10:12,0,0,0,'20-29,1540,null
1416,11.4,6/21/2020 10:12,0.14,2,0.71,'30-39,1539,null
1623,13.07,6/21/2020 10:12,0.18,3,1.07,'40-49,1538,null
2230,17.95,6/21/2020 10:12,0.67,15,5.36,'50-59,1537,null
1608,12.95,6/21/2020 10:12,2.49,40,14.29,'60-69,1536,null
829,6.67,6/21/2020 10:12,9.77,81,28.93,'70-79,1535,null
548,4.41,6/21/2020 10:12,25.36,139,49.64,over 80,1534,null
177,1.43,6/20/2020 10:15,0,0,0,'0-9,1520,null
690,5.58,6/20/2020 10:15,0,0,0,'10-19,1519,null
3294,26.62,6/20/2020 10:15,0,0,0,'20-29,1518,null
1406,11.36,6/20/2020 10:15,0.14,2,0.71,'30-39,1517,null
1618,13.08,6/20/2020 10:15,0.19,3,1.07,'40-49,1516,null
2222,17.96,6/20/2020 10:15,0.68,15,5.36,'50-59,1515,null
1598,12.92,6/20/2020 10:15,2.5,40,14.29,'60-69,1514,null
823,6.65,6/20/2020 10:15,9.84,81,28.93,'70-79,1513,null
545,4.4,6/20/2020 10:15,25.5,139,49.64,over 80,1512,null
175,1.42,6/19/2020 10:33,0,0,0,'0-9,1498,null
686,5.57,6/19/2020 10:33,0,0,0,'10-19,1497,null
3285,26.69,6/19/2020 10:33,0,0,0,'20-29,1496,null
1393,11.32,6/19/2020 10:33,0.14,2,0.71,'30-39,1495,null
1610,13.08,6/19/2020 10:33,0.19,3,1.07,'40-49,1494,null
2210,17.96,6/19/2020 10:33,0.68,15,5.36,'50-59,1493,null
1585,12.88,6/19/2020 10:33,2.52,40,14.29,'60-69,1492,null
820,6.66,6/19/2020 10:33,9.88,81,28.93,'70-79,1491,null
542,4.4,6/19/2020 10:33,25.65,139,49.64,over 80,1490,null
175,1.43,6/18/2020 10:13,0,0,0,'0-9,1476,null
684,5.58,6/18/2020 10:13,0,0,0,'10-19,1475,null
3277,26.74,6/18/2020 10:13,0,0,0,'20-29,1474,null
1384,11.29,6/18/2020 10:13,0.14,2,0.71,'30-39,1473,null
1607,13.11,6/18/2020 10:13,0.19,3,1.07,'40-49,1472,null
2198,17.93,6/18/2020 10:13,0.68,15,5.36,'50-59,1471,null
1574,12.84,6/18/2020 10:13,2.54,40,14.29,'60-69,1470,null
817,6.67,6/18/2020 10:13,9.91,81,28.93,'70-79,1469,null
541,4.41,6/18/2020 10:13,25.69,139,49.64,over 80,1468,null
174,1.43,6/17/2020 10:15,0,0,0,'0-9,1454,null
683,5.6,6/17/2020 10:15,0,0,0,'10-19,1453,null
3267,26.78,6/17/2020 10:15,0,0,0,'20-29,1452,null
1380,11.31,6/17/2020 10:15,0.14,2,0.72,'30-39,1451,null
1601,13.13,6/17/2020 10:15,0.19,3,1.08,'40-49,1450,null
2189,17.95,6/17/2020 10:15,0.69,15,5.38,'50-59,1449,null
1561,12.8,6/17/2020 10:15,2.56,40,14.34,'60-69,1448,null
810,6.64,6/17/2020 10:15,10,81,29.03,'70-79,1447,null
533,4.37,6/17/2020 10:15,25.89,138,49.46,over 80,1446,null
172,1.42,6/16/2020 10:19,0,0,0,'0-9,1421,null
682,5.61,6/16/2020 10:19,0,0,0,'10-19,1420,null
3259,26.81,6/16/2020 10:19,0,0,0,'20-29,1419,null
1366,11.24,6/16/2020 10:19,0.15,2,0.72,'30-39,1418,null
1599,13.16,6/16/2020 10:19,0.19,3,1.08,'40-49,1417,null
2182,17.95,6/16/2020 10:19,0.69,15,5.4,'50-59,1416,null
1558,12.82,6/16/2020 10:19,2.57,40,14.39,'60-69,1415,null
805,6.62,6/16/2020 10:19,10.06,81,29.14,'70-79,1414,null
532,4.38,6/16/2020 10:19,25.75,137,49.28,over 80,1413,null
168,1.39,6/14/2020 10:21,0,0,0,'0-9,1399,null
681,5.64,6/14/2020 10:21,0,0,0,'10-19,1398,null
3251,26.9,6/14/2020 10:21,0,0,0,'20-29,1397,null
1357,11.23,6/14/2020 10:21,0.15,2,0.72,'30-39,1396,null
1584,13.11,6/14/2020 10:21,0.19,3,1.08,'40-49,1395,null
2170,17.96,6/14/2020 10:21,0.69,15,5.42,'50-59,1394,null
1546,12.79,6/14/2020 10:21,2.59,40,14.44,'60-69,1393,null
797,6.59,6/14/2020 10:21,10.16,81,29.24,'70-79,1392,null
531,4.39,6/14/2020 10:21,25.61,136,49.1,over 80,1391,null
168,1.39,6/13/2020 10:12,0,0,0,'0-9,1388,null
681,5.65,6/13/2020 10:12,0,0,0,'10-19,1387,null
3243,26.91,6/13/2020 10:12,0,0,0,'20-29,1386,null
1354,11.24,6/13/2020 10:12,0.15,2,0.72,'30-39,1385,null
1578,13.09,6/13/2020 10:12,0.19,3,1.08,'40-49,1384,null
2163,17.95,6/13/2020 10:12,0.69,15,5.42,'50-59,1383,null
1538,12.76,6/13/2020 10:12,2.6,40,14.44,'60-69,1382,null
796,6.61,6/13/2020 10:12,10.18,81,29.24,'70-79,1381,null
530,4.4,6/13/2020 10:12,25.66,136,49.1,over 80,1380,null
168,1.41,6/12/2020 10:24,0,0,0,'0-9,1366,null
677,5.67,6/12/2020 10:24,0,0,0,'10-19,1365,null
3223,26.98,6/12/2020 10:24,0,0,0,'20-29,1364,null
1345,11.26,6/12/2020 10:24,0.15,2,0.72,'30-39,1363,null
1574,13.17,6/12/2020 10:24,0.19,3,1.09,'40-49,1362,null
2137,17.89,6/12/2020 10:24,0.7,15,5.43,'50-59,1361,null
1517,12.7,6/12/2020 10:24,2.57,39,14.13,'60-69,1360,null
787,6.59,6/12/2020 10:24,10.29,81,29.35,'70-79,1359,null
519,4.34,6/12/2020 10:24,26.2,136,49.28,over 80,1358,null
168,1.41,6/11/2020 10:31,0,0,0,'0-9,1344,null
677,5.67,6/11/2020 10:31,0,0,0,'10-19,1343,null
3223,26.98,6/11/2020 10:31,0,0,0,'20-29,1342,null
1345,11.26,6/11/2020 10:31,0.15,2,0.72,'30-39,1341,null
1574,13.17,6/11/2020 10:31,0.19,3,1.09,'40-49,1340,null
2137,17.89,6/11/2020 10:31,0.7,15,5.43,'50-59,1339,null
1517,12.7,6/11/2020 10:31,2.57,39,14.13,'60-69,1338,null
787,6.59,6/11/2020 10:31,10.29,81,29.35,'70-79,1337,null
519,4.34,6/11/2020 10:31,26.2,136,49.28,over 80,1336,null
167,1.4,6/10/2020 10:15,0,0,0,'0-9,1322,null
674,5.66,6/10/2020 10:15,0,0,0,'10-19,1321,null
3217,27.03,6/10/2020 10:15,0,0,0,'20-29,1320,null
1335,11.22,6/10/2020 10:15,0.15,2,0.72,'30-39,1319,null
1569,13.18,6/10/2020 10:15,0.19,3,1.09,'40-49,1318,null
2128,17.88,6/10/2020 10:15,0.7,15,5.43,'50-59,1317,null
1512,12.7,6/10/2020 10:15,2.58,39,14.13,'60-69,1316,null
782,6.57,6/10/2020 10:15,10.36,81,29.35,'70-79,1315,null
518,4.35,6/10/2020 10:15,26.25,136,49.28,over 80,1314,null
166,1.4,6/9/2020 10:09,0,0,0,'0-9,1300,null
672,5.67,6/9/2020 10:09,0,0,0,'10-19,1299,null
3211,27.09,6/9/2020 10:09,0,0,0,'20-29,1298,null
1326,11.19,6/9/2020 10:09,0.15,2,0.73,'30-39,1297,null
1568,13.23,6/9/2020 10:09,0.19,3,1.09,'40-49,1296,null
2121,17.9,6/9/2020 10:09,0.71,15,5.47,'50-59,1295,null
1496,12.62,6/9/2020 10:09,2.61,39,14.23,'60-69,1294,null
775,6.54,6/9/2020 10:09,10.45,81,29.56,'70-79,1293,null
517,4.36,6/9/2020 10:09,25.92,134,48.91,over 80,1292,null
166,1.41,6/8/2020 10:29,0,0,0,'0-9,1278,null
672,5.69,6/8/2020 10:29,0,0,0,'10-19,1277,null
3208,27.15,6/8/2020 10:29,0,0,0,'20-29,1276,null
1324,11.21,6/8/2020 10:29,0.15,2,0.73,'30-39,1275,null
1564,13.24,6/8/2020 10:29,0.19,3,1.1,'40-49,1274,null
2111,17.87,6/8/2020 10:29,0.71,15,5.49,'50-59,1273,null
1487,12.59,6/8/2020 10:29,2.62,39,14.29,'60-69,1272,null
770,6.52,6/8/2020 10:29,10.52,81,29.67,'70-79,1271,null
512,4.33,6/8/2020 10:29,25.98,133,48.72,over 80,1270,null
165,1.4,6/7/2020 10:22,0,0,0,'0-9,1256,null
670,5.69,6/7/2020 10:22,0,0,0,'10-19,1255,null
3203,27.2,6/7/2020 10:22,0,0,0,'20-29,1254,null
1322,11.23,6/7/2020 10:22,0.15,2,0.73,'30-39,1253,null
1559,13.24,6/7/2020 10:22,0.19,3,1.1,'40-49,1252,null
2105,17.88,6/7/2020 10:22,0.71,15,5.49,'50-59,1251,null
1476,12.53,6/7/2020 10:22,2.64,39,14.29,'60-69,1250,null
767,6.51,6/7/2020 10:22,10.56,81,29.67,'70-79,1249,null
509,4.32,6/7/2020 10:22,26.13,133,48.72,over 80,1248,null
164,1.4,6/6/2020 10:51,0,0,0,'0-9,1245,null
664,5.67,6/6/2020 10:51,0,0,0,'10-19,1244,null
3200,27.31,6/6/2020 10:51,0,0,0,'20-29,1243,null
1316,11.23,6/6/2020 10:51,0.15,2,0.73,'30-39,1242,null
1551,13.23,6/6/2020 10:51,0.19,3,1.1,'40-49,1241,null
2094,17.87,6/6/2020 10:51,0.72,15,5.49,'50-59,1240,null
1464,12.49,6/6/2020 10:51,2.66,39,14.29,'60-69,1239,null
759,6.48,6/6/2020 10:51,10.67,81,29.67,'70-79,1238,null
507,4.33,6/6/2020 10:51,26.23,133,48.72,over 80,1237,null
161,1.38,6/5/2020 10:59,0,0,0,'0-9,1223,null
663,5.68,6/5/2020 10:59,0,0,0,'10-19,1222,null
3198,27.41,6/5/2020 10:59,0,0,0,'20-29,1221,null
1310,11.23,6/5/2020 10:59,0.15,2,0.73,'30-39,1220,null
1540,13.2,6/5/2020 10:59,0.19,3,1.1,'40-49,1219,null
2086,17.88,6/5/2020 10:59,0.72,15,5.49,'50-59,1218,null
1455,12.47,6/5/2020 10:59,2.68,39,14.29,'60-69,1217,null
751,6.44,6/5/2020 10:59,10.79,81,29.67,'70-79,1216,null
504,4.32,6/5/2020 10:59,26.39,133,48.72,over 80,1215,null
160,1.38,6/4/2020 10:31,0,0,0,'0-9,1201,null
661,5.68,6/4/2020 10:31,0,0,0,'10-19,1200,null
3193,27.46,6/4/2020 10:31,0,0,0,'20-29,1199,null
1308,11.25,6/4/2020 10:31,0.15,2,0.73,'30-39,1198,null
1537,13.22,6/4/2020 10:31,0.2,3,1.1,'40-49,1197,null
2079,17.88,6/4/2020 10:31,0.72,15,5.49,'50-59,1196,null
1445,12.43,6/4/2020 10:31,2.7,39,14.29,'60-69,1195,null
744,6.4,6/4/2020 10:31,10.89,81,29.67,'70-79,1194,null
502,4.32,6/4/2020 10:31,26.49,133,48.72,over 80,1193,null
159,1.37,6/3/2020 10:26,0,0,0,'0-9,1179,null
661,5.7,6/3/2020 10:26,0,0,0,'10-19,1178,null
3188,27.51,6/3/2020 10:26,0,0,0,'20-29,1177,null
1305,11.26,6/3/2020 10:26,0.15,2,0.73,'30-39,1176,null
1534,13.24,6/3/2020 10:26,0.2,3,1.1,'40-49,1175,null
2070,17.86,6/3/2020 10:26,0.72,15,5.49,'50-59,1174,null
1436,12.39,6/3/2020 10:26,2.72,39,14.29,'60-69,1173,null
738,6.37,6/3/2020 10:26,10.98,81,29.67,'70-79,1172,null
499,4.31,6/3/2020 10:26,26.65,133,48.72,over 80,1171,null
158,1.37,6/2/2020 10:16,0,0,0,'0-9,1157,null
659,5.71,6/2/2020 10:16,0,0,0,'10-19,1156,null
3183,27.58,6/2/2020 10:16,0,0,0,'20-29,1155,null
1299,11.26,6/2/2020 10:16,0.15,2,0.74,'30-39,1154,null
1529,13.25,6/2/2020 10:16,0.2,3,1.1,'40-49,1153,null
2061,17.86,6/2/2020 10:16,0.73,15,5.51,'50-59,1152,null
1421,12.31,6/2/2020 10:16,2.74,39,14.34,'60-69,1151,null
732,6.34,6/2/2020 10:16,10.93,80,29.41,'70-79,1150,null
499,4.32,6/2/2020 10:16,26.65,133,48.9,over 80,1149,null
157,1.37,5/31/2020 10:25,0,0,0,'0-9,1124,null
655,5.71,5/31/2020 10:25,0,0,0,'10-19,1123,null
3176,27.69,5/31/2020 10:25,0,0,0,'20-29,1122,null
1292,11.27,5/31/2020 10:25,0.15,2,0.74,'30-39,1121,null
1521,13.26,5/31/2020 10:25,0.2,3,1.11,'40-49,1120,null
2039,17.78,5/31/2020 10:25,0.74,15,5.56,'50-59,1119,null
1405,12.25,5/31/2020 10:25,2.78,39,14.44,'60-69,1118,null
725,6.32,5/31/2020 10:25,11.03,80,29.63,'70-79,1117,null
498,4.34,5/31/2020 10:25,26.31,131,48.52,over 80,1116,null
157,1.37,5/30/2020 10:13,0,0,0,'0-9,1102,null
655,5.73,5/30/2020 10:13,0,0,0,'10-19,1101,null
3167,27.68,5/30/2020 10:13,0,0,0,'20-29,1100,null
1285,11.23,5/30/2020 10:13,0.16,2,0.74,'30-39,1099,null
1517,13.26,5/30/2020 10:13,0.2,3,1.12,'40-49,1098,null
2033,17.77,5/30/2020 10:13,0.74,15,5.58,'50-59,1097,null
1404,12.27,5/30/2020 10:13,2.78,39,14.5,'60-69,1096,null
725,6.34,5/30/2020 10:13,10.9,79,29.37,'70-79,1095,null
498,4.35,5/30/2020 10:13,26.31,131,48.7,over 80,1094,null
156,1.37,5/29/2020 10:11,0,0,0,'0-9,1080,null
650,5.7,5/29/2020 10:11,0,0,0,'10-19,1079,null
3158,27.7,5/29/2020 10:11,0,0,0,'20-29,1078,null
1283,11.25,5/29/2020 10:11,0.16,2,0.74,'30-39,1077,null
1513,13.27,5/29/2020 10:11,0.2,3,1.12,'40-49,1076,null
2023,17.74,5/29/2020 10:11,0.74,15,5.58,'50-59,1075,null
1400,12.28,5/29/2020 10:11,2.79,39,14.5,'60-69,1074,null
724,6.35,5/29/2020 10:11,10.91,79,29.37,'70-79,1073,null
495,4.34,5/29/2020 10:11,26.46,131,48.7,over 80,1072,null
155,1.37,5/28/2020 10:12,0,0,0,'0-9,1058,null
644,5.68,5/28/2020 10:12,0,0,0,'10-19,1057,null
3146,27.73,5/28/2020 10:12,0,0,0,'20-29,1056,null
1274,11.23,5/28/2020 10:12,0.16,2,0.74,'30-39,1055,null
1503,13.25,5/28/2020 10:12,0.2,3,1.12,'40-49,1054,null
2014,17.75,5/28/2020 10:12,0.74,15,5.58,'50-59,1053,null
1392,12.27,5/28/2020 10:12,2.8,39,14.5,'60-69,1052,null
724,6.38,5/28/2020 10:12,10.91,79,29.37,'70-79,1051,null
492,4.34,5/28/2020 10:12,26.63,131,48.7,over 80,1050,null
153,1.36,5/27/2020 10:17,0,0,0,'0-9,1036,null
640,5.68,5/27/2020 10:17,0,0,0,'10-19,1035,null
3131,27.79,5/27/2020 10:17,0,0,0,'20-29,1034,null
1248,11.08,5/27/2020 10:17,0.16,2,0.74,'30-39,1033,null
1489,13.22,5/27/2020 10:17,0.2,3,1.12,'40-49,1032,null
2002,17.77,5/27/2020 10:17,0.75,15,5.58,'50-59,1031,null
1386,12.3,5/27/2020 10:17,2.81,39,14.5,'60-69,1030,null
724,6.43,5/27/2020 10:17,10.91,79,29.37,'70-79,1029,null
492,4.37,5/27/2020 10:17,26.63,131,48.7,over 80,1028,null
150,1.34,5/26/2020 10:14,0,0,0,'0-9,1014,null
638,5.68,5/26/2020 10:14,0,0,0,'10-19,1013,null
3123,27.82,5/26/2020 10:14,0,0,0,'20-29,1012,null
1242,11.06,5/26/2020 10:14,0.16,2,0.74,'30-39,1011,null
1486,13.24,5/26/2020 10:14,0.2,3,1.12,'40-49,1010,null
1996,17.78,5/26/2020 10:14,0.75,15,5.58,'50-59,1009,null
1378,12.28,5/26/2020 10:14,2.83,39,14.5,'60-69,1008,null
721,6.42,5/26/2020 10:14,10.96,79,29.37,'70-79,1007,null
491,4.37,5/26/2020 10:14,26.68,131,48.7,over 80,1006,null
149,1.33,5/25/2020 10:28,0,0,0,'0-9,992,null
637,5.68,5/25/2020 10:28,0,0,0,'10-19,991,null
3120,27.84,5/25/2020 10:28,0,0,0,'20-29,990,null
1238,11.05,5/25/2020 10:28,0.16,2,0.75,'30-39,989,null
1483,13.23,5/25/2020 10:28,0.2,3,1.12,'40-49,988,null
1992,17.78,5/25/2020 10:28,0.75,15,5.62,'50-59,987,null
1377,12.29,5/25/2020 10:28,2.83,39,14.61,'60-69,986,null
719,6.42,5/25/2020 10:28,10.99,79,29.59,'70-79,985,null
491,4.38,5/25/2020 10:28,26.27,129,48.31,over 80,984,null
149,1.33,5/24/2020 10:27,0,0,0,'0-9,970,null
636,5.68,5/24/2020 10:27,0,0,0,'10-19,969,null
3117,27.86,5/24/2020 10:27,0,0,0,'20-29,968,null
1235,11.04,5/24/2020 10:27,0.16,2,0.75,'30-39,967,null
1481,13.24,5/24/2020 10:27,0.2,3,1.13,'40-49,966,null
1987,17.76,5/24/2020 10:27,0.75,15,5.64,'50-59,965,null
1375,12.29,5/24/2020 10:27,2.84,39,14.66,'60-69,964,null
719,6.43,5/24/2020 10:27,10.85,78,29.32,'70-79,963,null
491,4.39,5/24/2020 10:27,26.27,129,48.5,over 80,962,null
149,1.33,5/23/2020 10:35,0,0,0,'0-9,948,null
634,5.68,5/23/2020 10:35,0,0,0,'10-19,947,null
3113,27.88,5/23/2020 10:35,0,0,0,'20-29,946,null
1231,11.03,5/23/2020 10:35,0.16,2,0.75,'30-39,945,null
1474,13.2,5/23/2020 10:35,0.2,3,1.13,'40-49,944,null
1983,17.76,5/23/2020 10:35,0.76,15,5.64,'50-59,943,null
1372,12.29,5/23/2020 10:35,2.84,39,14.66,'60-69,942,null
718,6.43,5/23/2020 10:35,10.86,78,29.32,'70-79,941,null
491,4.4,5/23/2020 10:35,26.27,129,48.5,over 80,940,null
148,1.33,5/21/2020 10:25,0,0,0,'0-9,915,null
631,5.67,5/21/2020 10:25,0,0,0,'10-19,914,null
3103,27.9,5/21/2020 10:25,0,0,0,'20-29,913,null
1221,10.98,5/21/2020 10:25,0.16,2,0.76,'30-39,912,null
1471,13.23,5/21/2020 10:25,0.2,3,1.14,'40-49,911,null
1972,17.73,5/21/2020 10:25,0.76,15,5.68,'50-59,910,null
1369,12.31,5/21/2020 10:25,2.78,38,14.39,'60-69,909,null
717,6.45,5/21/2020 10:25,10.88,78,29.55,'70-79,908,null
490,4.41,5/21/2020 10:25,26.12,128,48.48,over 80,907,null
148,1.33,5/20/2020 10:14,0,0,0,'0-9,893,null
627,5.64,5/20/2020 10:14,0,0,0,'10-19,892,null
3100,27.9,5/20/2020 10:14,0,0,0,'20-29,891,null
1219,10.97,5/20/2020 10:14,0.16,2,0.76,'30-39,890,null
1468,13.21,5/20/2020 10:14,0.2,3,1.14,'40-49,889,null
1972,17.75,5/20/2020 10:14,0.76,15,5.7,'50-59,888,null
1369,12.32,5/20/2020 10:14,2.78,38,14.45,'60-69,887,null
717,6.45,5/20/2020 10:14,10.88,78,29.66,'70-79,886,null
490,4.41,5/20/2020 10:14,25.92,127,48.29,over 80,885,null
148,1.34,5/19/2020 10:24,0,0,0,'0-9,871,null
621,5.61,5/19/2020 10:24,0,0,0,'10-19,870,null
3087,27.87,5/19/2020 10:24,0,0,0,'20-29,869,null
1215,10.97,5/19/2020 10:24,0.16,2,0.76,'30-39,868,null
1462,13.2,5/19/2020 10:24,0.21,3,1.14,'40-49,867,null
1971,17.79,5/19/2020 10:24,0.76,15,5.7,'50-59,866,null
1368,12.35,5/19/2020 10:24,2.78,38,14.45,'60-69,865,null
716,6.46,5/19/2020 10:24,10.89,78,29.66,'70-79,864,null
490,4.42,5/19/2020 10:24,25.92,127,48.29,over 80,863,null
147,1.33,5/18/2020 10:19,0,0,0,'0-9,849,null
621,5.61,5/18/2020 10:19,0,0,0,'10-19,848,null
3082,27.85,5/18/2020 10:19,0,0,0,'20-29,847,null
1215,10.98,5/18/2020 10:19,0.16,2,0.76,'30-39,846,null
1462,13.21,5/18/2020 10:19,0.21,3,1.14,'40-49,845,null
1968,17.79,5/18/2020 10:19,0.76,15,5.7,'50-59,844,null
1365,12.34,5/18/2020 10:19,2.78,38,14.45,'60-69,843,null
715,6.46,5/18/2020 10:19,10.91,78,29.66,'70-79,842,null
490,4.43,5/18/2020 10:19,25.92,127,48.29,over 80,841,null
147,1.33,5/17/2020 10:14,0,0,0,'0-9,827,null
620,5.61,5/17/2020 10:14,0,0,0,'10-19,826,null
3079,27.86,5/17/2020 10:14,0,0,0,'20-29,825,null
1211,10.96,5/17/2020 10:14,0.17,2,0.76,'30-39,824,null
1457,13.19,5/17/2020 10:14,0.21,3,1.15,'40-49,823,null
1967,17.8,5/17/2020 10:14,0.76,15,5.73,'50-59,822,null
1364,12.34,5/17/2020 10:14,2.79,38,14.5,'60-69,821,null
715,6.47,5/17/2020 10:14,10.77,77,29.39,'70-79,820,null
490,4.43,5/17/2020 10:14,25.92,127,48.47,over 80,819,null
147,1.33,5/16/2020 10:20,0,0,0,'0-9,805,null
619,5.61,5/16/2020 10:20,0,0,0,'10-19,804,null
3074,27.85,5/16/2020 10:20,0,0,0,'20-29,803,null
1209,10.95,5/16/2020 10:20,0.17,2,0.76,'30-39,802,null
1454,13.17,5/16/2020 10:20,0.21,3,1.15,'40-49,801,null
1966,17.81,5/16/2020 10:20,0.76,15,5.73,'50-59,800,null
1364,12.36,5/16/2020 10:20,2.79,38,14.5,'60-69,799,null
714,6.47,5/16/2020 10:20,10.78,77,29.39,'70-79,798,null
490,4.44,5/16/2020 10:20,25.92,127,48.47,over 80,797,null
145,1.32,5/15/2020 10:34,0,0,0,'0-9,783,null
617,5.6,5/15/2020 10:34,0,0,0,'10-19,782,null
3066,27.83,5/15/2020 10:34,0,0,0,'20-29,781,null
1207,10.95,5/15/2020 10:34,0.17,2,0.77,'30-39,780,null
1453,13.19,5/15/2020 10:34,0.21,3,1.15,'40-49,779,null
1965,17.83,5/15/2020 10:34,0.76,15,5.77,'50-59,778,null
1361,12.35,5/15/2020 10:34,2.79,38,14.62,'60-69,777,null
714,6.48,5/15/2020 10:34,10.78,77,29.62,'70-79,776,null
490,4.45,5/15/2020 10:34,25.51,125,48.08,over 80,775,null
143,1.3,5/14/2020 10:19,0,0,0,'0-9,761,null
614,5.59,5/14/2020 10:19,0,0,0,'10-19,760,null
3056,27.8,5/14/2020 10:19,0,0,0,'20-29,759,null
1202,10.94,5/14/2020 10:19,0.17,2,0.77,'30-39,758,null
1451,13.2,5/14/2020 10:19,0.21,3,1.15,'40-49,757,null
1964,17.87,5/14/2020 10:19,0.76,15,5.77,'50-59,756,null
1359,12.36,5/14/2020 10:19,2.8,38,14.62,'60-69,755,null
712,6.48,5/14/2020 10:19,10.81,77,29.62,'70-79,754,null
490,4.46,5/14/2020 10:19,25.51,125,48.08,over 80,753,null
143,1.3,5/13/2020 10:42,0,0,0,'0-9,739,null
603,5.5,5/13/2020 10:42,0,0,0,'10-19,738,null
3042,27.75,5/13/2020 10:42,0,0,0,'20-29,737,null
1199,10.94,5/13/2020 10:42,0.17,2,0.77,'30-39,736,null
1450,13.23,5/13/2020 10:42,0.21,3,1.16,'40-49,735,null
1964,17.92,5/13/2020 10:42,0.76,15,5.79,'50-59,734,null
1359,12.4,5/13/2020 10:42,2.72,37,14.29,'60-69,733,null
712,6.5,5/13/2020 10:42,10.81,77,29.73,'70-79,732,null
490,4.47,5/13/2020 10:42,25.51,125,48.26,over 80,731,null
142,1.3,5/12/2020 10:14,0,0,0,'0-9,717,null
602,5.5,5/12/2020 10:14,0,0,0,'10-19,716,null
3029,27.7,5/12/2020 10:14,0,0,0,'20-29,715,null
1194,10.92,5/12/2020 10:14,0.17,2,0.78,'30-39,714,null
1448,13.24,5/12/2020 10:14,0.21,3,1.16,'40-49,713,null
1963,17.95,5/12/2020 10:14,0.76,15,5.81,'50-59,712,null
1358,12.42,5/12/2020 10:14,2.72,37,14.34,'60-69,711,null
711,6.5,5/12/2020 10:14,10.83,77,29.84,'70-79,710,null
489,4.47,5/12/2020 10:14,25.36,124,48.06,over 80,709,null
141,1.29,5/11/2020 10:27,0,0,0,'0-9,695,null
598,5.48,5/11/2020 10:27,0,0,0,'10-19,694,null
3019,27.67,5/11/2020 10:27,0,0,0,'20-29,693,null
1188,10.89,5/11/2020 10:27,0.17,2,0.78,'30-39,692,null
1446,13.26,5/11/2020 10:27,0.21,3,1.17,'40-49,691,null
1960,17.97,5/11/2020 10:27,0.77,15,5.86,'50-59,690,null
1358,12.45,5/11/2020 10:27,2.72,37,14.45,'60-69,689,null
711,6.52,5/11/2020 10:27,10.83,77,30.08,'70-79,688,null
488,4.47,5/11/2020 10:27,25,122,47.66,over 80,687,null
141,1.3,5/10/2020 10:16,0,0,0,'0-9,673,null
597,5.49,5/10/2020 10:16,0,0,0,'10-19,672,null
2998,27.57,5/10/2020 10:16,0,0,0,'20-29,671,null
1180,10.85,5/10/2020 10:16,0.17,2,0.78,'30-39,670,null
1442,13.26,5/10/2020 10:16,0.21,3,1.17,'40-49,669,null
1960,18.02,5/10/2020 10:16,0.77,15,5.86,'50-59,668,null
1357,12.48,5/10/2020 10:16,2.73,37,14.45,'60-69,667,null
711,6.54,5/10/2020 10:16,10.83,77,30.08,'70-79,666,null
488,4.49,5/10/2020 10:16,25,122,47.66,over 80,665,null
141,1.3,5/9/2020 10:20,0,0,0,'0-9,651,null
594,5.48,5/9/2020 10:20,0,0,0,'10-19,650,null
2979,27.48,5/9/2020 10:20,0,0,0,'20-29,649,null
1177,10.86,5/9/2020 10:20,0.17,2,0.78,'30-39,648,null
1438,13.27,5/9/2020 10:20,0.21,3,1.17,'40-49,647,null
1958,18.06,5/9/2020 10:20,0.77,15,5.86,'50-59,646,null
1355,12.5,5/9/2020 10:20,2.73,37,14.45,'60-69,645,null
710,6.55,5/9/2020 10:20,10.85,77,30.08,'70-79,644,null
488,4.5,5/9/2020 10:20,25,122,47.66,over 80,643,null
141,1.3,5/8/2020 10:19,0,0,0,'0-9,629,null
592,5.47,5/8/2020 10:19,0,0,0,'10-19,628,null
2967,27.42,5/8/2020 10:19,0,0,0,'20-29,627,null
1174,10.85,5/8/2020 10:19,0.17,2,0.78,'30-39,626,null
1438,13.29,5/8/2020 10:19,0.21,3,1.17,'40-49,625,null
1957,18.08,5/8/2020 10:19,0.77,15,5.86,'50-59,624,null
1355,12.52,5/8/2020 10:19,2.73,37,14.45,'60-69,623,null
710,6.56,5/8/2020 10:19,10.85,77,30.08,'70-79,622,null
488,4.51,5/8/2020 10:19,25,122,47.66,over 80,621,null
140,1.3,5/7/2020 10:48,0,0,0,'0-9,607,null
592,5.48,5/7/2020 10:48,0,0,0,'10-19,606,null
2966,27.44,5/7/2020 10:48,0,0,0,'20-29,605,null
1167,10.8,5/7/2020 10:48,0.17,2,0.78,'30-39,604,null
1436,13.28,5/7/2020 10:48,0.21,3,1.17,'40-49,603,null
1957,18.1,5/7/2020 10:48,0.77,15,5.86,'50-59,602,null
1354,12.53,5/7/2020 10:48,2.73,37,14.45,'60-69,601,null
710,6.57,5/7/2020 10:48,10.85,77,30.08,'70-79,600,null
488,4.51,5/7/2020 10:48,25,122,47.66,over 80,599,null
140,1.3,5/6/2020 10:17,0,0,0,'0-9,585,null
591,5.47,5/6/2020 10:17,0,0,0,'10-19,584,null
2964,27.43,5/6/2020 10:17,0,0,0,'20-29,583,null
1166,10.79,5/6/2020 10:17,0.17,2,0.78,'30-39,582,null
1436,13.29,5/6/2020 10:17,0.21,3,1.18,'40-49,581,null
1957,18.11,5/6/2020 10:17,0.77,15,5.88,'50-59,580,null
1354,12.53,5/6/2020 10:17,2.66,36,14.12,'60-69,579,null
710,6.57,5/6/2020 10:17,10.85,77,30.2,'70-79,578,null
488,4.52,5/6/2020 10:17,25,122,47.84,over 80,577,null
140,1.3,5/5/2020 10:23,0,0,0,'0-9,563,null
591,5.47,5/5/2020 10:23,0,0,0,'10-19,562,null
2964,27.43,5/5/2020 10:23,0,0,0,'20-29,561,null
1165,10.78,5/5/2020 10:23,0.17,2,0.79,'30-39,560,null
1436,13.29,5/5/2020 10:23,0.21,3,1.18,'40-49,559,null
1957,18.11,5/5/2020 10:23,0.77,15,5.91,'50-59,558,null
1353,12.52,5/5/2020 10:23,2.66,36,14.17,'60-69,557,null
710,6.57,5/5/2020 10:23,10.7,76,29.92,'70-79,556,null
488,4.52,5/5/2020 10:23,25,122,48.03,over 80,555,null
140,1.3,5/4/2020 10:12,0,0,0,'0-9,541,null
591,5.47,5/4/2020 10:12,0,0,0,'10-19,540,null
2964,27.44,5/4/2020 10:12,0,0,0,'20-29,539,null
1164,10.78,5/4/2020 10:12,0.17,2,0.79,'30-39,538,null
1435,13.29,5/4/2020 10:12,0.21,3,1.19,'40-49,537,null
1956,18.11,5/4/2020 10:12,0.77,15,5.95,'50-59,536,null
1353,12.53,5/4/2020 10:12,2.66,36,14.29,'60-69,535,null
710,6.57,5/4/2020 10:12,10.7,76,30.16,'70-79,534,null
488,4.52,5/4/2020 10:12,24.59,120,47.62,over 80,533,null
140,1.3,5/3/2020 10:56,0,0,0,'0-9,519,null
591,5.48,5/3/2020 10:56,0,0,0,'10-19,518,null
2962,27.44,5/3/2020 10:56,0,0,0,'20-29,517,null
1163,10.78,5/3/2020 10:56,0.17,2,0.8,'30-39,516,null
1432,13.27,5/3/2020 10:56,0.21,3,1.2,'40-49,515,null
1956,18.12,5/3/2020 10:56,0.77,15,6,'50-59,514,null
1351,12.52,5/3/2020 10:56,2.59,35,14,'60-69,513,null
710,6.58,5/3/2020 10:56,10.56,75,30,'70-79,512,null
488,4.52,5/3/2020 10:56,24.59,120,48,over 80,511,null
140,1.3,5/2/2020 10:23,0,0,0,'0-9,497,null
590,5.47,5/2/2020 10:23,0,0,0,'10-19,496,null
2960,27.46,5/2/2020 10:23,0,0,0,'20-29,495,null
1160,10.76,5/2/2020 10:23,0.17,2,0.8,'30-39,494,null
1430,13.27,5/2/2020 10:23,0.21,3,1.2,'40-49,493,null
1956,18.14,5/2/2020 10:23,0.77,15,6,'50-59,492,null
1349,12.51,5/2/2020 10:23,2.59,35,14,'60-69,491,null
709,6.58,5/2/2020 10:23,10.58,75,30,'70-79,490,null
486,4.51,5/2/2020 10:23,24.69,120,48,over 80,489,null
140,1.3,5/1/2020 10:28,0,0,0,'0-9,475,null
590,5.48,5/1/2020 10:28,0,0,0,'10-19,474,null
2957,27.45,5/1/2020 10:28,0,0,0,'20-29,473,null
1159,10.76,5/1/2020 10:28,0.17,2,0.81,'30-39,472,null
1429,13.26,5/1/2020 10:28,0.21,3,1.21,'40-49,471,null
1956,18.15,5/1/2020 10:28,0.77,15,6.05,'50-59,470,null
1348,12.51,5/1/2020 10:28,2.6,35,14.11,'60-69,469,null
709,6.58,5/1/2020 10:28,10.58,75,30.24,'70-79,468,null
486,4.51,5/1/2020 10:28,24.28,118,47.58,over 80,467,null
140,1.3,4/30/2020 10:14,0,0,0,'0-9,453,null
590,5.48,4/30/2020 10:14,0,0,0,'10-19,452,null
2952,27.42,4/30/2020 10:14,0,0,0,'20-29,451,null
1158,10.76,4/30/2020 10:14,0.17,2,0.81,'30-39,450,null
1427,13.26,4/30/2020 10:14,0.21,3,1.21,'40-49,449,null
1956,18.17,4/30/2020 10:14,0.77,15,6.07,'50-59,448,null
1348,12.52,4/30/2020 10:14,2.6,35,14.17,'60-69,447,null
709,6.59,4/30/2020 10:14,10.44,74,29.96,'70-79,446,null
485,4.51,4/30/2020 10:14,24.33,118,47.77,over 80,445,null
140,1.3,4/29/2020 10:27,0,0,0,'0-9,431,null
590,5.48,4/29/2020 10:27,0,0,0,'10-19,430,null
2951,27.42,4/29/2020 10:27,0,0,0,'20-29,429,null
1156,10.74,4/29/2020 10:27,0.17,2,0.81,'30-39,428,null
1426,13.25,4/29/2020 10:27,0.21,3,1.22,'40-49,427,null
1956,18.18,4/29/2020 10:27,0.77,15,6.1,'50-59,426,null
1348,12.53,4/29/2020 10:27,2.6,35,14.23,'60-69,425,null
709,6.59,4/29/2020 10:27,10.3,73,29.67,'70-79,424,null
485,4.51,4/29/2020 10:27,24.33,118,47.97,over 80,423,null
140,1.3,4/28/2020 10:24,0,0,0,'0-9,409,null
590,5.49,4/28/2020 10:24,0,0,0,'10-19,408,null
2948,27.42,4/28/2020 10:24,0,0,0,'20-29,407,null
1154,10.73,4/28/2020 10:24,0.17,2,0.82,'30-39,406,null
1423,13.23,4/28/2020 10:24,0.21,3,1.23,'40-49,405,null
1955,18.18,4/28/2020 10:24,0.77,15,6.15,'50-59,404,null
1348,12.54,4/28/2020 10:24,2.6,35,14.34,'60-69,403,null
709,6.59,4/28/2020 10:24,10.3,73,29.92,'70-79,402,null
485,4.51,4/28/2020 10:24,23.92,116,47.54,over 80,401,null
140,1.3,4/27/2020 10:14,0,0,0,'0-9,387,
588,5.48,4/27/2020 10:14,0,0,0,'10-19,386,
2943,27.41,4/27/2020 10:14,0,0,0,'20-29,385,
1152,10.73,4/27/2020 10:14,0.17,2,0.82,'30-39,384,
1422,13.24,4/27/2020 10:14,0.21,3,1.23,'40-49,383,
1953,18.19,4/27/2020 10:14,0.77,15,6.17,'50-59,382,
1347,12.54,4/27/2020 10:14,2.6,35,14.4,'60-69,381,
708,6.59,4/27/2020 10:14,10.17,72,29.63,'70-79,380,
485,4.52,4/27/2020 10:14,23.92,116,47.74,over 80,379,
141,1.31,4/26/2020 10:14,0,0,0,'0-9,365,
586,5.46,4/26/2020 10:14,0,0,0,'10-19,364,
2940,27.4,4/26/2020 10:14,0,0,0,'20-29,363,
1147,10.69,4/26/2020 10:14,0.17,2,0.83,'30-39,362,
1421,13.25,4/26/2020 10:14,0.21,3,1.24,'40-49,361,
1953,18.2,4/26/2020 10:14,0.77,15,6.2,'50-59,360,
1347,12.56,4/26/2020 10:14,2.6,35,14.46,'60-69,359,
708,6.6,4/26/2020 10:14,10.17,72,29.75,'70-79,358,
485,4.52,4/26/2020 10:14,23.71,115,47.52,over 80,357,
139,1.3,4/25/2020 10:40,0,0,0,'0-9,343,
586,5.47,4/25/2020 10:40,0,0,0,'10-19,342,
2937,27.4,4/25/2020 10:40,0,0,0,'20-29,341,
1143,10.66,4/25/2020 10:40,0.17,2,0.83,'30-39,340,
1420,13.25,4/25/2020 10:40,0.21,3,1.25,'40-49,339,
1953,18.22,4/25/2020 10:40,0.77,15,6.25,'50-59,338,
1347,12.57,4/25/2020 10:40,2.6,35,14.58,'60-69,337,
708,6.61,4/25/2020 10:40,10.03,71,29.58,'70-79,336,
485,4.53,4/25/2020 10:40,23.51,114,47.5,over 80,335,
138,1.29,4/24/2020 10:12,0,0,0,'0-9,321,
585,5.46,4/24/2020 10:12,0,0,0,'10-19,320,
2934,27.4,4/24/2020 10:12,0,0,0,'20-29,319,
1142,10.66,4/24/2020 10:12,0.18,2,0.83,'30-39,318,
1418,13.24,4/24/2020 10:12,0.21,3,1.25,'40-49,317,
1953,18.24,4/24/2020 10:12,0.77,15,6.25,'50-59,316,
1345,12.56,4/24/2020 10:12,2.6,35,14.58,'60-69,315,
708,6.61,4/24/2020 10:12,10.03,71,29.58,'70-79,314,
485,4.53,4/24/2020 10:12,23.51,114,47.5,over 80,313,
138,1.29,4/23/2020 10:12,0,0,0,'0-9,299,
584,5.46,4/23/2020 10:12,0,0,0,'10-19,298,
2933,27.41,4/23/2020 10:12,0,0,0,'20-29,297,
1141,10.66,4/23/2020 10:12,0.18,2,0.83,'30-39,296,
1418,13.25,4/23/2020 10:12,0.21,3,1.25,'40-49,295,
1952,18.24,4/23/2020 10:12,0.77,15,6.25,'50-59,294,
1344,12.56,4/23/2020 10:12,2.6,35,14.58,'60-69,293,
708,6.62,4/23/2020 10:12,10.03,71,29.58,'70-79,292,
484,4.52,4/23/2020 10:12,23.55,114,47.5,over 80,291,
138,1.29,4/22/2020 10:21,0,0,0,'0-9,277,
583,5.45,4/22/2020 10:21,0,0,0,'10-19,276,
2931,27.41,4/22/2020 10:21,0,0,0,'20-29,275,
1140,10.66,4/22/2020 10:21,0.18,2,0.84,'30-39,274,
1417,13.25,4/22/2020 10:21,0.21,3,1.26,'40-49,273,
1951,18.24,4/22/2020 10:21,0.77,15,6.3,'50-59,272,
1344,12.57,4/22/2020 10:21,2.53,34,14.29,'60-69,271,
707,6.61,4/22/2020 10:21,10.04,71,29.83,'70-79,270,
483,4.52,4/22/2020 10:21,23.4,113,47.48,over 80,269,
138,1.29,4/21/2020 10:16,0,0,0,'0-9,244,
582,5.45,4/21/2020 10:16,0,0,0,'10-19,243,
2928,27.41,4/21/2020 10:16,0,0,0,'20-29,242,
1139,10.66,4/21/2020 10:16,0.18,2,0.84,'30-39,241,
1413,13.23,4/21/2020 10:16,0.21,3,1.27,'40-49,240,
1951,18.26,4/21/2020 10:16,0.77,15,6.33,'50-59,239,
1343,12.57,4/21/2020 10:16,2.53,34,14.35,'60-69,238,
706,6.61,4/21/2020 10:16,9.92,70,29.54,'70-79,237,
483,4.52,4/21/2020 10:16,23.4,113,47.68,over 80,236,
138,1.29,4/20/2020 10:28,0,0,0,'0-9,233,
581,5.44,4/20/2020 10:28,0,0,0,'10-19,232,
2926,27.41,4/20/2020 10:28,0,0,0,'20-29,231,
1139,10.67,4/20/2020 10:28,0.18,2,0.85,'30-39,230,
1412,13.23,4/20/2020 10:28,0.21,3,1.27,'40-49,229,
1948,18.25,4/20/2020 10:28,0.77,15,6.36,'50-59,228,
1343,12.58,4/20/2020 10:28,2.53,34,14.41,'60-69,227,
705,6.6,4/20/2020 10:28,9.79,69,29.24,'70-79,226,
482,4.52,4/20/2020 10:28,23.44,113,47.88,over 80,225,
138,1.29,4/19/2020 11:07,0,0,0,'0-9,222,
578,5.42,4/19/2020 11:07,0,0,0,'10-19,221,
2921,27.4,4/19/2020 11:07,0,0,0,'20-29,220,
1137,10.67,4/19/2020 11:07,0.18,2,0.85,'30-39,219,
1412,13.24,4/19/2020 11:07,0.21,3,1.28,'40-49,218,
1945,18.24,4/19/2020 11:07,0.77,15,6.41,'50-59,217,
1343,12.6,4/19/2020 11:07,2.53,34,14.53,'60-69,216,
705,6.61,4/19/2020 11:07,9.65,68,29.06,'70-79,215,
482,4.52,4/19/2020 11:07,23.24,112,47.86,over 80,214,
138,1.3,4/18/2020 10:45,0,0,0,'0-9,200,
576,5.41,4/18/2020 10:45,0,0,0,'10-19,199,
2918,27.39,4/18/2020 10:45,0,0,0,'20-29,198,
1136,10.66,4/18/2020 10:45,0.09,1,0.43,'30-39,197,
1412,13.25,4/18/2020 10:45,0.21,3,1.29,'40-49,196,
1944,18.25,4/18/2020 10:45,0.77,15,6.47,'50-59,195,
1343,12.61,4/18/2020 10:45,2.46,33,14.22,'60-69,194,
705,6.62,4/18/2020 10:45,9.65,68,29.31,'70-79,193,
481,4.52,4/18/2020 10:45,23.28,112,48.28,over 80,192,
136,1.28,4/17/2020 10:35,0,0,0,'0-9,189,
576,5.42,4/17/2020 10:35,0,0,0,'10-19,188,
2909,27.35,4/17/2020 10:35,0,0,0,'20-29,187,
1135,10.67,4/17/2020 10:35,0.09,1,0.43,'30-39,186,
1411,13.27,4/17/2020 10:35,0.21,3,1.3,'40-49,185,
1942,18.26,4/17/2020 10:35,0.72,14,6.09,'50-59,184,
1342,12.62,4/17/2020 10:35,2.46,33,14.35,'60-69,183,
704,6.62,4/17/2020 10:35,9.66,68,29.57,'70-79,182,
480,4.51,4/17/2020 10:35,23.13,111,48.26,over 80,181,
135,1.27,4/16/2020 16:10,0,0,0,'0-9,178,
572,5.39,4/16/2020 16:10,0,0,0,'10-19,177,
2900,27.32,4/16/2020 16:10,0,0,0,'20-29,176,
1132,10.67,4/16/2020 16:10,0.09,1,0.44,'30-39,175,
1410,13.29,4/16/2020 16:10,0.21,3,1.31,'40-49,174,
1940,18.28,4/16/2020 16:10,0.72,14,6.11,'50-59,173,
1341,12.64,4/16/2020 16:10,2.46,33,14.41,'60-69,172,
703,6.62,4/16/2020 16:10,9.67,68,29.69,'70-79,171,
480,4.52,4/16/2020 16:10,22.92,110,48.03,over 80,170,
132,1.25,4/15/2020 15:44,0,0,0,'0-9,156,
569,5.37,4/15/2020 15:44,0,0,0,'10-19,155,
2895,27.33,4/15/2020 15:44,0,0,0,'20-29,154,
1131,10.68,4/15/2020 15:44,0.09,1,0.44,'30-39,153,
1408,13.29,4/15/2020 15:44,0.21,3,1.33,'40-49,152,
1937,18.29,4/15/2020 15:44,0.72,14,6.22,'50-59,151,
1339,12.64,4/15/2020 15:44,2.46,33,14.67,'60-69,150,
702,6.63,4/15/2020 15:44,9.69,68,30.22,'70-79,149,
478,4.51,4/15/2020 15:44,22.18,106,47.11,over 80,148,
132,1.25,4/14/2020 10:24,0,0,0,'0-9,145,
565,5.35,4/14/2020 10:24,0,0,0,'10-19,144,
2886,27.32,4/14/2020 10:24,0,0,0,'20-29,143,
1126,10.66,4/14/2020 10:24,0.09,1,0.45,'30-39,142,
1405,13.3,4/14/2020 10:24,0.21,3,1.35,'40-49,141,
1935,18.32,4/14/2020 10:24,0.72,14,6.31,'50-59,140,
1338,12.67,4/14/2020 10:24,2.47,33,14.86,'60-69,139,
700,6.63,4/14/2020 10:24,9.29,65,29.28,'70-79,138,
477,4.52,4/14/2020 10:24,22.22,106,47.75,over 80,137,
132,1.25,4/13/2020 10:22,0,0,0,'0-9,134,
562,5.33,4/13/2020 10:22,0,0,0,'10-19,133,
2879,27.32,4/13/2020 10:22,0,0,0,'20-29,132,
1122,10.65,4/13/2020 10:22,0.09,1,0.46,'30-39,131,
1401,13.3,4/13/2020 10:22,0.21,3,1.38,'40-49,130,
1932,18.34,4/13/2020 10:22,0.72,14,6.45,'50-59,129,
1335,12.67,4/13/2020 10:22,2.4,32,14.75,'60-69,128,
698,6.62,4/13/2020 10:22,9.17,64,29.49,'70-79,127,
476,4.52,4/13/2020 10:22,21.64,103,47.47,over 80,126,
130,1.24,4/12/2020 10:22,0,0,0,'0-9,123,
561,5.34,4/12/2020 10:22,0,0,0,'10-19,122,
2869,27.29,4/12/2020 10:22,0,0,0,'20-29,121,
1120,10.65,4/12/2020 10:22,0.09,1,0.47,'30-39,120,
1400,13.32,4/12/2020 10:22,0.21,3,1.4,'40-49,119,
1930,18.36,4/12/2020 10:22,0.73,14,6.54,'50-59,118,
1330,12.65,4/12/2020 10:22,2.33,31,14.49,'60-69,117,
697,6.63,4/12/2020 10:22,9.04,63,29.44,'70-79,116,
475,4.52,4/12/2020 10:22,21.47,102,47.66,over 80,115,
130,1.24,4/11/2020 10:29,0,0,0,'0-9,112,
558,5.32,4/11/2020 10:29,0,0,0,'10-19,111,
2856,27.25,4/11/2020 10:29,0,0,0,'20-29,110,
1115,10.64,4/11/2020 10:29,0.09,1,0.47,'30-39,109,
1399,13.35,4/11/2020 10:29,0.21,3,1.42,'40-49,108,
1926,18.38,4/11/2020 10:29,0.73,14,6.64,'50-59,107,
1327,12.66,4/11/2020 10:29,2.19,29,13.74,'60-69,106,
694,6.62,4/11/2020 10:29,9.08,63,29.86,'70-79,105,
475,4.53,4/11/2020 10:29,21.26,101,47.87,over 80,104,
129,1.23,4/10/2020 10:17,0,0,0,'0-9,101,
553,5.29,4/10/2020 10:17,0,0,0,'10-19,100,
2851,27.28,4/10/2020 10:17,0,0,0,'20-29,99,
1113,10.65,4/10/2020 10:17,0.09,1,0.48,'30-39,98,
1396,13.36,4/10/2020 10:17,0.21,3,1.44,'40-49,97,
1920,18.37,4/10/2020 10:17,0.68,13,6.25,'50-59,96,
1320,12.63,4/10/2020 10:17,2.12,28,13.46,'60-69,95,
694,6.64,4/10/2020 10:17,8.93,62,29.81,'70-79,94,
474,4.54,4/10/2020 10:17,21.31,101,48.56,over 80,93,
128,1.23,4/9/2020 10:23,0,0,0,'0-9,90,
552,5.3,4/9/2020 10:23,0,0,0,'10-19,89,
2844,27.29,4/9/2020 10:23,0,0,0,'20-29,88,
1109,10.64,4/9/2020 10:23,0.09,1,0.49,'30-39,87,
1394,13.37,4/9/2020 10:23,0.22,3,1.47,'40-49,86,
1917,18.39,4/9/2020 10:23,0.68,13,6.37,'50-59,85,
1314,12.61,4/9/2020 10:23,2.05,27,13.24,'60-69,84,
692,6.64,4/9/2020 10:23,8.67,60,29.41,'70-79,83,
473,4.54,4/9/2020 10:23,21.14,100,49.02,over 80,82,
126,1.21,4/8/2020 11:34,0,0,0,'0-9,79,
548,5.28,4/8/2020 11:34,0,0,0,'10-19,78,
2832,27.27,4/8/2020 11:34,0,0,0,'20-29,77,
1102,10.61,4/8/2020 11:34,0.09,1,0.5,'30-39,76,
1387,13.36,4/8/2020 11:34,0.22,3,1.5,'40-49,75,
1915,18.44,4/8/2020 11:34,0.68,13,6.5,'50-59,74,
1312,12.63,4/8/2020 11:34,2.06,27,13.5,'60-69,73,
692,6.66,4/8/2020 11:34,8.67,60,30,'70-79,72,
470,4.53,4/8/2020 11:34,20.43,96,48,over 80,71,
1,1,4/7/2020 20:10,1,1,1,'0-11,23,
126,1.22,4/7/2020 19:32,0,0,0,'0-9,22,
544,5.27,4/7/2020 19:32,0,0,0,'10-19,21,
2819,27.29,4/7/2020 19:32,0,0,0,'20-29,20,
1092,10.57,4/7/2020 19:32,0.09,1,0.52,'30-39,19,
1382,13.38,4/7/2020 19:32,0.14,2,1.04,'40-49,18,
1909,18.48,4/7/2020 19:32,0.68,13,6.77,'50-59,17,
1304,12.62,4/7/2020 19:32,1.99,26,13.54,'60-69,16,
689,6.67,4/7/2020 19:32,8.27,57,29.69,'70-79,15,
466,4.51,4/7/2020 19:32,19.96,93,48.44,over 80,14,
112,1.14,4/2/2020 19:02,0,0,0,'0-9,11,
515,5.26,4/2/2020 19:02,0,0,0,'10-19,10,
2656,27.14,4/2/2020 19:02,0,0,0,'20-29,9,
1012,10.34,4/2/2020 19:02,0.1,1,0.62,'30-39,8,
1312,13.41,4/2/2020 19:02,0.08,1,0.62,'40-49,7,
1851,18.91,4/2/2020 19:02,0.54,10,6.17,'50-59,6,
1235,12.62,4/2/2020 19:02,1.78,22,13.58,'60-69,5,
651,6.65,4/2/2020 19:02,7.07,46,28.4,'70-79,4,
442,4.52,4/2/2020 19:02,18.55,82,50.62,over 80,3,
